SURFACE_HA,TYPE_SOL,ENGRAIS_KG_HA,PRECIPITATIONS_MM,TEMPERATURE_C,RENDEMENT_T_HA
7,Limoneux,56,124,21,10.759826762923698
4,Limoneux,144,97,28,5.824879470502235
8,Limoneux,157,81,21,7.842204348275127
5,Argileux,123,106,17,10.5609727059528
7,Sableux,88,149,20,11.905060178685508
3,Argileux,190,82,27,11.005673799393868
7,Limoneux,120,73,22,6.343205363619392
8,Argileux,105,88,18,4.756498654967854
5,Limoneux,91,83,27,7.404532836659299
4,Limoneux,85,105,22,9.67477306652438
8,Argileux,133,77,16,7.433121636779679
8,Limoneux,167,86,29,7.3486277698230165
3,Sableux,56,56,24,10.544073789736206
6,Limoneux,103,117,23,6.252634011604677
5,Sableux,178,86,23,10.73815207330481
2,Sableux,169,105,22,6.661243208565512
8,Limoneux,155,114,24,5.954097951105055
6,Argileux,96,114,28,7.085909200797291
2,Sableux,172,96,27,9.862022628073817
5,Argileux,190,69,24,4.134018250775949
1,Sableux,168,68,15,4.767772942848156
6,Limoneux,199,78,16,11.563003430967827
9,Limoneux,167,123,20,4.579424646432217
1,Sableux,70,109,24,8.109545861379491
3,Limoneux,186,67,19,8.21383019995744
7,Sableux,75,141,26,7.406620158452203
4,Limoneux,58,84,28,8.802707237191367
9,Argileux,64,92,23,5.068440532178566
3,Limoneux,59,144,19,7.973960409990734
5,Argileux,171,140,16,6.349559297222074
3,Limoneux,170,60,24,8.955005336662701
7,Argileux,174,98,18,4.271011890358345
5,Limoneux,121,87,23,8.137896751555285
9,Argileux,98,113,15,4.667433198449913
7,Sableux,140,118,25,5.507787568035328
2,Sableux,86,57,15,4.968388202912249
4,Argileux,117,83,26,4.645540018819354
9,Limoneux,99,97,21,10.431398564046003
2,Argileux,68,105,25,5.571368108948013
9,Limoneux,149,125,17,11.344114036780043
5,Sableux,109,114,24,11.729338728106718
2,Limoneux,138,80,16,8.141344229433876
4,Sableux,195,53,23,4.287010103991538
7,Limoneux,196,99,17,6.370934190416231
8,Limoneux,118,118,16,10.179590370133926
3,Limoneux,98,79,26,6.306516558273634
1,Argileux,157,137,22,3.7831549647250986
4,Argileux,168,108,24,8.011064198353692
2,Sableux,198,116,20,10.606087663464313
8,Sableux,199,124,20,10.163337484291521
4,Argileux,86,94,24,4.576108261173179
2,Sableux,192,53,25,9.054881529712201
6,Argileux,60,75,21,4.9845383709208235
6,Limoneux,187,76,21,4.96386781096955
4,Sableux,127,95,25,10.866645959746666
6,Sableux,126,113,27,5.247020574662072
2,Argileux,51,140,29,5.369226118662101
2,Sableux,113,100,20,3.005880516851696
4,Sableux,84,99,18,10.83602130712966
8,Limoneux,56,55,25,10.133353318882213
7,Sableux,134,108,23,8.645960415816102
9,Limoneux,195,64,20,9.75239187544958
8,Argileux,116,79,18,4.368437106820426
5,Sableux,91,91,26,7.124912351288179
2,Limoneux,167,86,17,6.160974486139028
5,Argileux,174,91,18,3.8439887363131486
8,Sableux,73,84,17,7.375174366934317
9,Argileux,95,136,29,11.286656853083718
9,Sableux,68,55,16,3.3605320714562503
1,Argileux,117,117,28,5.623148221444145
9,Argileux,151,67,19,4.867868425851331
7,Limoneux,91,122,16,5.143319882991267
9,Argileux,81,78,20,11.175910966914378
8,Sableux,158,126,17,7.212621488108611
1,Sableux,85,108,20,7.196694716458369
8,Limoneux,146,96,29,9.84518078209754
8,Sableux,180,66,25,4.390429836044332
3,Sableux,122,145,24,7.385388186900457
1,Sableux,185,71,23,6.869866927089538
8,Argileux,146,117,15,8.372196214919905
3,Argileux,172,118,20,11.996019329253947
3,Sableux,119,86,23,9.925040046738424
1,Limoneux,62,98,25,6.580791327156845
5,Argileux,98,62,18,10.447977470466423
7,Limoneux,109,83,25,4.536375269812321
9,Sableux,179,135,26,3.274173176780641
7,Sableux,54,102,16,4.840035352178457
9,Argileux,76,136,27,6.063704005028336
8,Sableux,198,100,18,7.595226817136039
2,Argileux,57,52,15,8.536162264870798
1,Sableux,99,91,17,11.195451454929795
7,Sableux,116,147,24,7.588686085954119
7,Argileux,93,81,23,7.511480801631564
8,Argileux,174,100,24,3.452187088406839
5,Argileux,107,134,19,3.3142039739060145
3,Sableux,52,95,29,7.960439657247349
8,Sableux,135,70,25,6.9436075192351
6,Limoneux,119,93,20,10.552623554822688
3,Argileux,179,60,17,4.446116262406607
1,Sableux,51,117,19,3.2247449590534463
3,Sableux,151,50,25,7.0413489113711325
5,Argileux,84,141,22,5.137307010770318
3,Limoneux,147,112,20,3.446529360049537
1,Argileux,79,73,18,9.52138458162866
5,Limoneux,165,148,16,4.004336999615227
7,Sableux,57,62,28,8.474875500069945
7,Limoneux,199,147,23,5.529447751502002
9,Sableux,93,60,27,4.561464453195198
3,Argileux,85,149,26,6.417763706273857
7,Argileux,126,100,15,10.213011986006583
1,Argileux,80,66,15,6.528842192141154
4,Limoneux,96,148,27,9.756926842899501
4,Sableux,104,131,18,4.129376671192356
5,Argileux,155,135,21,9.954942776985712
7,Argileux,170,73,15,5.132399924159838
7,Sableux,104,68,23,9.096538168999855
4,Argileux,193,86,18,8.092033993568968
7,Sableux,61,134,17,11.362302454905187
3,Sableux,194,57,15,6.485902661777827
6,Sableux,193,77,24,3.595486699509964
2,Sableux,189,54,18,3.1723993699612762
9,Sableux,185,66,23,10.441727048754778
5,Limoneux,52,85,27,7.722620738952889
6,Argileux,193,68,28,9.977196466514544
4,Limoneux,79,113,24,5.1098304001036325
7,Argileux,72,140,20,6.105753709619103
9,Limoneux,141,147,20,3.2709348499018702
7,Sableux,164,60,15,11.65343092116701
1,Argileux,153,103,24,9.01081116030732
1,Argileux,167,94,16,11.398845789833755
9,Limoneux,54,96,25,5.389467666861651
9,Limoneux,153,61,20,8.503172501030948
4,Argileux,157,70,16,9.10649971463374
9,Limoneux,114,60,17,5.857947302318296
3,Limoneux,170,141,18,10.632983115140672
7,Limoneux,79,54,25,11.52445316610223
6,Sableux,198,130,19,10.963696059264038
8,Sableux,133,105,29,9.651602783454353
9,Limoneux,199,69,23,5.497182117524586
5,Limoneux,81,90,26,5.534544378950685
1,Sableux,65,95,29,11.67024288401434
3,Sableux,87,61,29,3.0925604634212283
8,Argileux,191,119,18,9.4444497591793
6,Argileux,85,66,27,9.356215462997358
8,Sableux,163,68,25,8.604205868548178
9,Limoneux,115,75,23,11.910979614781793
4,Limoneux,154,97,25,5.806914921873528
1,Limoneux,134,101,24,6.059746774139233
1,Limoneux,51,145,17,3.7104546265189997
4,Argileux,124,119,22,6.9851832288936375
7,Sableux,116,104,26,5.349436736113633
2,Limoneux,104,149,15,6.090480319598798
3,Argileux,55,124,25,10.511146112300649
1,Limoneux,199,82,23,11.419360621747462
5,Sableux,192,111,23,4.671597648046671
1,Argileux,135,137,24,6.352580383981193
8,Sableux,109,72,16,11.357675059038547
1,Sableux,150,64,18,3.556276146203004
1,Argileux,61,76,27,3.8312447530024065
2,Argileux,98,124,22,4.465118902856064
2,Argileux,91,113,21,8.356915507141872
6,Argileux,131,130,15,4.354250439053978
7,Argileux,84,100,19,11.712687433056601
5,Argileux,183,102,21,7.020430745326683
1,Argileux,116,127,29,7.513661643151497
1,Limoneux,129,140,18,5.219927542248659
3,Sableux,56,131,29,7.238642271912601
2,Argileux,63,141,29,8.957222693733105
5,Limoneux,122,100,15,9.760594232586385
6,Limoneux,192,96,23,9.784812744389217
7,Limoneux,198,53,28,8.201020014246794
4,Sableux,115,56,19,11.139237974944715
7,Argileux,140,84,25,10.356670625754983
8,Limoneux,179,97,16,9.813433032287628
1,Sableux,69,122,22,3.5004496951241455
6,Sableux,59,121,25,3.0619016599768436
8,Sableux,74,94,27,4.9120254947592565
5,Limoneux,74,130,16,8.971712345221071
4,Argileux,103,130,17,6.700777399942912
2,Limoneux,82,146,28,6.621656333693806
6,Limoneux,144,145,24,10.961281994066525
6,Argileux,63,121,15,11.060065633186548
1,Argileux,114,68,25,11.182577376482271
9,Argileux,159,112,16,5.8249026886352455
6,Sableux,129,87,28,9.219502314653356
3,Argileux,103,116,21,5.444698631469327
4,Limoneux,174,108,24,4.715488497670048
4,Argileux,180,118,16,4.661692116126323
3,Limoneux,183,62,20,6.078968587772346
3,Sableux,74,96,29,6.869618578018395
3,Limoneux,190,110,17,10.478542539495615
4,Limoneux,166,80,18,4.079019841254409
7,Argileux,185,129,25,9.614332626554049
4,Argileux,198,145,29,7.7830942277037485
9,Limoneux,74,71,27,5.591508084083932
1,Argileux,128,142,22,7.4353762607954215
8,Sableux,117,135,28,5.699478627993203
7,Sableux,61,92,17,8.364737597144753
2,Argileux,81,116,24,6.904595305697198
8,Sableux,177,103,20,4.479649761709909
1,Argileux,145,59,15,4.04924767100127
9,Limoneux,141,91,21,7.920261138649171
9,Limoneux,190,113,22,11.12171729957493
2,Sableux,80,70,25,6.09561917901917
7,Argileux,127,129,28,9.597000965003609
3,Argileux,69,125,22,8.927952194457902
7,Sableux,195,115,17,11.38399422878533
9,Limoneux,109,90,28,10.388829155692267
4,Sableux,183,73,24,8.099447330149168
1,Limoneux,142,84,15,8.913274484106966
2,Argileux,92,105,23,11.085478199256315
1,Limoneux,179,79,27,6.595669061282413
5,Sableux,109,106,20,5.941152352719996
5,Argileux,80,143,25,3.097299752716767
7,Sableux,54,96,23,10.438959667723179
9,Sableux,59,84,21,10.208826303630284
9,Limoneux,138,68,15,3.9400906629013623
3,Sableux,179,57,26,8.191716430194301
3,Limoneux,175,75,26,7.1758352835019865
3,Argileux,60,120,15,4.068381859582003
4,Limoneux,105,79,20,11.825114043546511
8,Argileux,132,56,19,4.9322629871701995
6,Limoneux,186,116,23,3.6051076208150503
8,Sableux,148,114,16,8.353626415517187
1,Limoneux,198,85,22,9.649800094197294
8,Limoneux,122,74,25,3.2919910144246827
4,Argileux,164,86,19,8.9284587485432
1,Sableux,56,50,16,7.79062688356309
8,Limoneux,129,64,27,3.929385079875436
4,Sableux,193,86,24,4.552714892517258
6,Limoneux,146,62,25,8.111768675844726
8,Limoneux,53,57,25,5.667218521619596
4,Sableux,53,54,26,11.444841557861844
3,Limoneux,152,109,20,10.368662065356457
9,Sableux,89,122,24,11.852104858622967
3,Limoneux,66,50,22,5.337037550553726
9,Argileux,150,85,18,11.727512695181794
2,Sableux,152,84,16,6.881104828124021
2,Limoneux,173,115,26,6.127669157823791
2,Limoneux,101,112,25,3.453145742724179
6,Argileux,101,72,19,3.4748873207364235
3,Sableux,173,58,29,9.228101303519892
9,Limoneux,112,83,26,7.121360949906251
4,Argileux,165,95,16,5.038694634324951
1,Limoneux,111,127,16,8.525732756927095
4,Sableux,56,53,29,5.275723064251
1,Limoneux,141,79,20,8.198685789099804
5,Limoneux,63,144,25,6.232878722844213
4,Limoneux,135,124,24,10.411970039506372
8,Limoneux,182,148,23,10.386265446901014
8,Argileux,179,121,27,7.296153583101612
7,Argileux,111,52,18,6.157371984015141
3,Sableux,198,63,20,6.263038169031851
1,Argileux,128,109,21,10.251430731013961
1,Argileux,198,126,27,5.953615345178508
3,Sableux,187,94,25,4.881534363361614
6,Argileux,107,145,20,3.7621950768777612
7,Argileux,169,83,22,7.200238087959676
6,Sableux,182,94,18,7.339188890278577
6,Sableux,114,110,26,10.568178393626164
6,Sableux,62,132,29,4.991148268014576
3,Limoneux,131,65,15,6.428921463015599
6,Limoneux,188,115,21,10.27565165004322
8,Sableux,198,89,17,10.412612496740762
2,Sableux,101,66,28,6.461499683808913
5,Sableux,166,83,20,7.132116209580128
1,Limoneux,75,65,16,5.729573017643546
1,Limoneux,83,109,23,11.392993905773809
5,Argileux,101,115,15,4.0677938916742225
3,Argileux,161,115,20,11.40374480701323
4,Sableux,131,139,20,9.15479806651809
3,Limoneux,91,62,19,7.784149374180581
1,Limoneux,70,105,27,3.293931547060463
1,Limoneux,91,80,19,7.280365726398075
5,Sableux,190,83,15,6.669732945024591
6,Argileux,162,88,24,4.450969307776103
3,Sableux,154,116,26,8.907686431505912
9,Argileux,66,57,19,11.740358166314572
5,Argileux,169,136,16,8.059699299580725
8,Sableux,186,127,21,9.432779487995512
1,Argileux,178,104,17,3.6160540730941513
5,Argileux,179,76,27,6.759002962352953
3,Limoneux,109,142,29,4.047226366480463
1,Argileux,97,102,18,8.515162519828593
4,Sableux,78,88,17,11.446339423927391
5,Sableux,146,114,17,8.955999592244748
7,Argileux,59,66,18,3.691227434829794
1,Limoneux,107,79,19,6.191995844865746
3,Limoneux,70,102,15,7.9559704149676636
2,Argileux,77,62,18,6.62886980519927
9,Argileux,83,70,26,10.502796094276551
6,Sableux,57,68,26,10.332039042389903
3,Argileux,128,102,25,8.506479180928993
8,Limoneux,194,68,22,6.361121506194348
8,Argileux,136,106,24,5.298027363869197
2,Sableux,137,74,21,3.9528688639181637
6,Sableux,118,135,23,6.194079151378986
7,Sableux,136,80,19,6.718552654869476
2,Sableux,150,130,27,9.082406325936663
2,Sableux,57,104,29,8.923438418678161
1,Argileux,126,72,24,3.6309732567713127
8,Argileux,136,81,18,6.55733383888042
1,Argileux,92,111,22,4.636009804956258
9,Argileux,178,123,23,4.411314347851251
6,Sableux,158,59,27,10.445719347635213
7,Limoneux,66,149,21,3.377236950446318
7,Argileux,182,121,28,6.772645883119091
3,Limoneux,197,103,21,4.513832901898663
2,Argileux,70,101,19,10.913971941106265
9,Argileux,107,69,18,8.013364619475317
8,Limoneux,159,81,28,5.082425727391632
7,Sableux,188,63,24,7.521845584497388
9,Argileux,192,99,15,9.583377237328042
4,Argileux,184,77,24,11.623062080274904
4,Argileux,77,102,24,4.9840140382087705
1,Limoneux,100,73,21,10.975635949164106
8,Sableux,54,128,15,11.408737027507412
3,Limoneux,54,71,15,11.247784900788597
7,Limoneux,143,79,19,8.71872921175719
2,Sableux,145,112,27,8.668385889912368
2,Limoneux,57,53,23,6.628895698654405
7,Sableux,113,126,20,9.77158094073409
6,Argileux,187,108,17,7.781646165158388
3,Sableux,87,136,27,9.09694264105465
9,Argileux,160,57,17,6.856121134639159
6,Limoneux,161,131,21,9.583468176388251
6,Limoneux,130,61,20,10.420243658440942
1,Argileux,185,80,23,4.317926309425345
4,Limoneux,153,127,20,10.496367440168052
6,Sableux,122,83,19,7.862668786112765
6,Argileux,98,131,24,10.60199318181202
5,Limoneux,85,147,21,6.881715357069131
1,Argileux,175,124,15,6.411364368447315
8,Sableux,117,125,26,11.235546592655002
5,Sableux,127,98,21,5.260523407935612
5,Limoneux,154,128,17,10.597910927575288
7,Sableux,171,106,28,7.356185152584637
4,Argileux,168,144,23,7.626858982961338
6,Sableux,163,142,29,5.776214533405357
4,Argileux,59,75,20,8.157379805571141
3,Argileux,198,67,23,5.926900766485902
7,Sableux,189,145,27,3.353424728174871
8,Limoneux,140,135,29,5.447987448099204
4,Sableux,51,87,19,3.057411390659316
2,Argileux,167,130,21,11.80519308351171
3,Argileux,62,136,27,11.691724888377728
1,Sableux,144,137,28,6.556397677250745
8,Limoneux,193,99,18,9.555337689056813
3,Limoneux,81,57,29,6.112254885693825
7,Argileux,81,90,21,9.039838413773785
5,Argileux,173,55,27,10.248870387413811
5,Limoneux,60,118,15,11.520806202230167
7,Sableux,59,93,21,6.601910482647048
9,Argileux,64,113,22,10.049681846604429
5,Argileux,66,78,19,5.393356055689069
1,Limoneux,195,77,16,11.912990734142834
1,Sableux,108,60,19,3.2319263888791605
2,Limoneux,127,114,20,8.431759258510088
6,Sableux,173,68,26,8.935553834861944
9,Sableux,163,58,16,9.19241001366716
8,Sableux,71,76,28,4.083488209101802
5,Argileux,81,83,20,11.446768051258173
1,Limoneux,162,93,20,4.630649511450745
7,Limoneux,169,117,15,8.604780629158569
5,Sableux,198,149,28,5.0040847121077645
6,Argileux,171,131,15,5.7649477531914375
7,Argileux,81,64,28,7.918126875553119
3,Limoneux,168,100,25,6.754740767081188
3,Argileux,88,62,24,4.442030408788557
5,Argileux,61,132,17,4.538427621787635
6,Sableux,67,98,28,6.763303093465197
9,Argileux,198,119,24,9.815546804479506
5,Sableux,190,105,24,11.081681821630097
1,Limoneux,198,125,29,3.7571489603344457
4,Argileux,175,100,26,6.537935168034609
5,Limoneux,185,86,17,3.9022100735058896
5,Limoneux,95,66,18,3.149332325693381
7,Argileux,153,107,16,8.95546814379561
4,Argileux,184,136,23,8.42204497769929
1,Limoneux,135,139,24,4.467172024333976
5,Argileux,199,78,26,5.104315497837577
7,Sableux,138,82,25,3.2133697828006653
6,Sableux,71,109,28,10.514524851249632
5,Argileux,141,140,21,11.772215364436963
4,Limoneux,78,138,21,4.219135831152217
2,Argileux,62,104,29,5.0832769238876825
4,Argileux,51,59,20,10.815685715522406
3,Limoneux,78,96,29,11.338174181605664
1,Limoneux,76,72,17,6.776646445261293
8,Sableux,99,134,20,3.4556022504216672
5,Limoneux,144,70,29,3.3545265032353746
4,Sableux,137,62,28,8.165548794621094
8,Limoneux,93,82,26,6.536055980038611
7,Argileux,71,73,22,3.2578718481988904
2,Sableux,146,60,22,8.249271530813012
1,Sableux,52,66,25,3.1017228293012025
4,Sableux,167,117,27,10.086347623343457
8,Argileux,68,96,23,5.757895404330345
2,Argileux,72,74,29,3.362322027083089
3,Argileux,79,143,15,8.295169988848379
1,Argileux,88,122,28,6.579159729897492
1,Argileux,157,70,15,11.764203720214345
3,Sableux,160,133,17,7.89778796253332
5,Argileux,74,132,17,5.477152629333075
3,Sableux,177,132,24,9.384949781705773
1,Argileux,160,61,22,5.443428022884402
1,Limoneux,185,86,29,11.138189622668087
8,Sableux,155,91,24,6.372497734566387
2,Limoneux,193,66,15,7.948817064985847
3,Sableux,121,97,27,3.4551579344180596
2,Limoneux,178,77,16,6.835091141570077
3,Argileux,157,90,16,10.491271856948956
7,Argileux,54,148,17,10.250839248270077
1,Argileux,52,96,27,5.018867029681736
8,Sableux,181,67,20,5.034711639095065
2,Limoneux,153,127,15,10.35574780991913
3,Argileux,113,148,16,11.37358578152393
9,Limoneux,155,120,27,3.858248291457032
7,Limoneux,147,62,29,7.050527754836027
4,Argileux,59,131,27,6.0370885106780605
5,Argileux,198,62,15,10.836196099116954
2,Limoneux,177,149,19,3.7517242321201687
8,Argileux,95,80,27,4.900133483022337
4,Argileux,115,51,27,9.77221503827845
9,Argileux,161,65,21,3.46164464083094
5,Sableux,62,58,22,7.432818426428604
9,Limoneux,186,122,24,6.9789633121174806
4,Limoneux,135,87,15,6.009610610898738
5,Sableux,139,124,21,6.551150837870314
9,Limoneux,107,103,27,7.769465282372097
8,Argileux,103,105,19,4.452306225495448
3,Limoneux,61,135,24,8.147962904552335
1,Argileux,63,146,15,10.248890963699877
3,Sableux,170,149,17,9.84144836811143
4,Argileux,170,136,21,4.385099142243963
2,Limoneux,69,94,24,4.343245227673265
1,Limoneux,124,83,15,5.41356930970422
7,Limoneux,193,58,21,6.249672537069335
8,Sableux,119,137,19,6.676100232676344
7,Sableux,105,57,15,9.117274951500107
5,Limoneux,150,56,15,3.510123889492519
1,Argileux,181,85,28,3.3120543380345975
7,Sableux,160,67,15,6.527195066495182
7,Limoneux,174,52,25,9.274473229241824
9,Limoneux,181,77,23,4.740918086608343
3,Sableux,69,119,25,8.773540331306265
9,Sableux,187,93,27,5.338453241462695
1,Sableux,73,70,17,10.974774979321648
1,Argileux,86,77,29,11.061209498399549
4,Argileux,103,103,27,5.675584838531938
9,Limoneux,152,103,19,5.069943785669165
6,Sableux,198,114,25,6.701735748596081
3,Argileux,87,149,24,5.164784266621338
1,Sableux,53,70,26,9.051454589625333
4,Limoneux,106,148,23,10.43458216093457
9,Argileux,69,62,20,9.057829178200953
3,Argileux,66,106,26,10.419154025244145
9,Argileux,168,98,23,6.572929459867267
7,Limoneux,120,103,22,4.406852736379747
4,Sableux,53,59,22,9.64155852657833
3,Argileux,63,102,15,6.2442705462739845
5,Limoneux,52,93,27,9.041437427062192
5,Sableux,129,96,23,5.435795477835891
3,Limoneux,104,102,20,3.731066713260054
9,Sableux,181,123,23,11.933236159389871
4,Limoneux,169,95,17,4.405813571375393
5,Sableux,73,62,26,11.89578894567133
4,Argileux,131,86,17,11.795519393098026
5,Sableux,196,73,20,10.144362935172357
7,Limoneux,109,51,23,8.934806658737978
9,Limoneux,196,135,21,8.200263452259762
7,Sableux,98,130,28,10.794913908400513
5,Argileux,112,149,27,5.604955694575391
7,Argileux,159,63,17,7.209130912363893
5,Sableux,199,59,17,8.574509724298517
3,Sableux,158,84,16,6.70071428282542
7,Limoneux,125,74,23,6.847378086812412
2,Argileux,79,52,27,5.97256200751876
9,Sableux,107,66,29,8.078086350160824
1,Argileux,166,61,17,10.655170752136044
6,Sableux,149,103,25,4.813755402056816
7,Sableux,68,73,19,11.409897348780973
8,Argileux,143,78,28,9.201788883734068
9,Sableux,162,92,28,10.409458914120272
2,Sableux,195,74,23,8.005716233670105
2,Limoneux,112,149,22,10.015650312816572
5,Sableux,165,109,16,3.1458035760552048
5,Sableux,162,139,17,10.365423823015817
6,Sableux,96,114,16,3.3612497317682988
3,Limoneux,106,133,22,11.009220387265762
8,Argileux,167,77,20,11.927664725147789
1,Limoneux,94,65,20,5.646607159591
6,Limoneux,194,96,26,4.892867006572143
4,Argileux,53,130,29,9.888270274722366
1,Limoneux,197,141,23,5.277237068282279
7,Argileux,96,107,22,10.790061448549832
9,Limoneux,192,125,18,3.9255833294172904
4,Argileux,96,76,29,4.133596767414224
4,Sableux,127,102,26,11.81236399590554
6,Limoneux,173,91,18,9.064550084430042
3,Limoneux,124,108,23,10.621985019860574
6,Limoneux,152,96,15,5.918964396163663
7,Limoneux,186,143,27,9.08835374568544
3,Sableux,139,83,16,8.348176445777375
7,Limoneux,193,86,16,8.428351081106523
3,Sableux,118,55,27,9.142792135839494
2,Sableux,110,56,27,8.178232558161888
4,Sableux,187,145,20,6.861561323723993
8,Sableux,99,145,29,5.483304249424922
9,Argileux,52,74,18,9.917231978218819
7,Argileux,156,82,27,5.036451870028676
1,Limoneux,162,104,25,9.231188755389727
3,Argileux,143,107,24,5.0999954038439395
9,Argileux,167,56,27,8.627971529590084
1,Limoneux,130,106,17,9.72370440416126
9,Limoneux,158,61,17,4.968425000158852
8,Limoneux,100,65,17,3.5394897077517746
1,Argileux,196,129,20,4.178763686947567
6,Argileux,84,92,28,8.453972705439229
5,Limoneux,95,149,22,10.64501765603162
6,Sableux,118,126,25,3.4049713911188193
5,Limoneux,142,56,21,9.607361331374817
6,Sableux,113,149,28,6.071867813550469
5,Sableux,98,100,18,7.306755329275703
5,Limoneux,198,122,25,11.35973594861009
4,Limoneux,123,81,26,5.987743542622609
3,Limoneux,54,124,18,7.188032405455375
3,Argileux,149,57,25,3.12314173284613
4,Sableux,119,146,24,3.7343884800435454
9,Argileux,139,136,29,5.327324320213056
2,Argileux,53,138,25,3.2506701673896696
9,Limoneux,175,121,25,8.682377934434259
1,Argileux,88,94,28,6.837585211214603
1,Limoneux,178,135,25,7.933306824552198
5,Sableux,73,108,16,4.571824673066966
6,Limoneux,106,53,28,5.663388264929545
6,Argileux,149,116,15,8.974420273674525
3,Argileux,119,78,23,11.687724512673599
7,Limoneux,90,78,26,3.4537509624198828
9,Limoneux,109,147,29,11.013458887697395
8,Argileux,157,147,26,8.191930811800876
6,Sableux,106,77,16,8.075276100800615
8,Sableux,80,126,27,7.502506816869843
5,Limoneux,133,128,22,3.6245467731376504
8,Sableux,85,136,29,3.808891665625446
4,Argileux,157,93,23,8.408208050931774
8,Limoneux,155,139,18,6.0686271429200245
2,Argileux,135,53,22,11.255412599199126
5,Argileux,184,139,23,6.65931483623525
9,Sableux,63,58,24,4.28953312832377
4,Limoneux,169,54,24,9.432469501518323
6,Limoneux,187,105,19,5.640180792969089
1,Sableux,129,145,27,7.7292327662030385
9,Argileux,193,133,28,9.28049506954653
1,Argileux,155,99,21,11.102377000818633
5,Argileux,119,124,24,10.129720753215086
4,Argileux,93,64,18,9.087249610854517
3,Limoneux,122,81,15,9.116698641556292
6,Limoneux,94,77,17,11.513321796288778
2,Sableux,156,71,19,5.662416877468824
3,Sableux,133,66,17,3.0100088477656866
5,Limoneux,131,108,26,5.447591034583788
9,Limoneux,156,139,27,4.961022416640696
2,Argileux,70,120,25,8.956511266025984
8,Argileux,56,106,21,8.703404397889761
2,Sableux,119,75,26,8.341152444342514
5,Limoneux,176,74,23,3.1461909888850834
7,Sableux,192,59,29,9.559002490055828
8,Limoneux,197,94,26,5.911773712369424
1,Argileux,192,132,20,8.98550390105968
6,Sableux,198,60,27,8.00920585651938
1,Sableux,169,126,24,6.084578328851165
2,Limoneux,177,102,15,4.21118640393697
1,Argileux,191,121,21,3.8497700789443288
5,Sableux,106,117,29,10.483664998010012
9,Argileux,107,144,17,11.265577878734021
6,Sableux,70,77,19,8.848092420878697
1,Argileux,131,124,24,3.9309070337443504
1,Limoneux,118,114,18,6.618244951994166
2,Sableux,180,98,24,9.560452800946415
9,Sableux,136,96,19,10.018387956090613
3,Argileux,98,101,19,4.063967600619797
1,Argileux,196,137,20,3.000276469608442
5,Sableux,164,103,28,9.409233412925445
7,Limoneux,138,109,24,6.209365583875851
6,Argileux,134,106,26,5.290331984564342
1,Argileux,177,96,24,3.1160772281057287
5,Argileux,189,80,27,7.8626946608534976
5,Sableux,166,95,27,10.660356618833836
6,Sableux,176,75,25,11.61868481645329
3,Sableux,120,54,20,8.091704555519602
5,Sableux,135,133,22,7.630151949659048
7,Limoneux,82,101,22,3.76550746940317
5,Limoneux,130,124,25,7.939855213883398
5,Sableux,110,103,23,6.419811710688552
5,Limoneux,110,82,22,8.464217527952194
3,Argileux,147,99,27,6.49853713088892
1,Argileux,77,87,25,5.162692111053301
5,Argileux,92,76,16,3.8546874770553883
9,Sableux,135,147,28,5.834266001300062
1,Argileux,66,64,28,3.8698035085897704
3,Limoneux,147,145,26,4.592072557415856
4,Sableux,147,110,24,11.886025427215912
1,Limoneux,114,70,26,6.996932012159568
1,Argileux,123,95,25,7.786845898545149
8,Argileux,134,118,29,10.862566758634937
2,Argileux,54,55,15,11.960120104416191
8,Sableux,51,87,24,8.244430044102135
7,Limoneux,71,111,16,10.312264389397544
2,Sableux,161,135,16,5.942469219030078
6,Sableux,106,111,26,5.75169561702562
6,Argileux,115,131,17,6.6243334889510415
3,Sableux,123,127,24,9.052565364062843
2,Sableux,147,123,21,9.139725203295889
1,Argileux,193,95,16,5.837154911845057
6,Sableux,161,62,28,4.198889317229658
5,Argileux,174,144,15,8.691566308189577
9,Argileux,135,143,28,4.15493275969888
1,Argileux,125,52,20,8.206432574063971
7,Argileux,137,143,23,9.240799152506781
5,Sableux,87,55,29,9.305503467550064
5,Argileux,108,142,17,9.78124899593637
2,Argileux,187,57,20,10.855734794090981
3,Sableux,148,93,17,7.499630927683096
7,Sableux,112,82,28,9.57224270576614
6,Limoneux,98,130,27,8.57255461829253
2,Sableux,81,124,15,4.679759458179143
6,Sableux,184,126,28,3.2312068038246737
2,Limoneux,70,99,27,5.560872471092404
2,Sableux,69,60,26,6.9873033570385745
2,Sableux,176,144,19,8.553953499857908
3,Sableux,117,77,24,10.649633974528848
2,Sableux,159,119,28,4.766211450355491
4,Limoneux,165,90,27,4.129948109086294
9,Sableux,192,65,25,11.671319527268947
6,Sableux,169,117,18,3.972401034387664
1,Limoneux,128,148,21,7.306419630964703
8,Argileux,165,97,20,8.270073559139718
7,Limoneux,141,105,24,7.872369788166944
3,Argileux,63,113,21,3.774289413296489
1,Limoneux,174,108,19,3.5132422260325744
5,Limoneux,107,139,29,3.9493508471493213
4,Sableux,77,111,29,8.270289154853511
8,Argileux,75,125,18,7.89910398870889
1,Sableux,162,60,21,5.103667128330699
1,Argileux,115,138,21,8.739967276610324
4,Limoneux,180,67,20,10.380607518500845
8,Limoneux,93,68,22,3.374210638619344
5,Argileux,146,136,18,7.483169491932381
2,Sableux,91,104,24,9.203793708924213
6,Sableux,55,131,19,5.270807343627183
5,Sableux,72,75,18,5.769938147638342
2,Sableux,138,55,26,8.522741126904453
3,Limoneux,172,53,15,11.081417640993632
9,Limoneux,196,78,26,10.289319782726094
7,Limoneux,100,108,22,8.248171971896252
7,Limoneux,60,147,15,9.571995459815243
6,Limoneux,61,66,19,6.283402231870188
8,Sableux,123,92,29,8.76868975288882
4,Sableux,57,129,20,7.195634320148013
8,Sableux,90,115,20,4.709425228118048
4,Sableux,134,83,27,9.315644464895314
8,Limoneux,121,57,19,8.008181736139399
9,Limoneux,104,62,17,6.227594237582323
3,Limoneux,186,57,29,11.202052710707676
3,Argileux,96,143,19,3.1884070604405994
2,Sableux,192,145,26,5.841958361245464
3,Sableux,153,149,22,3.511932579998819
3,Limoneux,91,143,28,9.898745845994645
5,Sableux,109,114,16,9.318967087024134
5,Sableux,61,92,20,5.982169968626853
2,Limoneux,179,88,23,9.080966119863657
6,Argileux,56,130,22,6.563435035763549
5,Argileux,129,108,28,9.806284122801909
6,Argileux,180,133,25,7.0876529646303545
1,Limoneux,158,137,22,6.71051755048499
5,Sableux,52,135,22,11.412569239394708
9,Limoneux,76,142,29,5.257911899016302
2,Limoneux,163,135,27,4.084026059969089
1,Sableux,156,93,21,8.260888019335123
9,Argileux,89,58,22,11.72389631055761
9,Argileux,178,86,27,6.40055292354468
9,Limoneux,57,123,20,3.5583308726590337
6,Argileux,150,85,16,6.0537474057861065
8,Limoneux,173,141,16,7.553384888876026
1,Limoneux,156,77,22,4.457307059689923
4,Sableux,150,91,25,8.922919962508429
1,Sableux,53,92,15,11.979744501091805
8,Sableux,159,134,20,7.065655283832994
1,Limoneux,68,137,27,6.192557010571914
3,Sableux,81,91,20,6.6063375015101995
4,Argileux,186,115,25,4.03631560555681
8,Argileux,61,104,18,10.949462412836013
6,Limoneux,188,121,26,6.733430899692168
7,Limoneux,95,97,25,6.485469702823572
8,Sableux,168,140,27,8.937212456374269
2,Limoneux,65,71,29,6.978300788380112
8,Limoneux,178,76,25,8.834101219270615
3,Argileux,112,142,27,3.5530166111770876
7,Argileux,158,116,24,10.323510093500047
3,Sableux,168,62,17,11.464535575914624
7,Limoneux,70,94,27,8.838888475434473
2,Limoneux,62,59,25,11.591093359729296
6,Argileux,53,149,17,4.36289082932967
3,Limoneux,151,58,29,7.2967457053231835
3,Argileux,108,103,29,8.416260605509025
9,Sableux,177,76,27,8.23562982679068
7,Argileux,76,83,27,6.613156011801389
5,Limoneux,118,50,15,6.042759684296352
7,Sableux,74,81,17,4.141416202953769
9,Argileux,180,138,18,6.5256820550605035
1,Argileux,146,142,25,4.463947335949366
7,Sableux,74,120,25,9.609291088429966
6,Sableux,197,116,19,4.87947841945131
9,Argileux,175,133,17,3.5270877475608047
1,Limoneux,182,69,20,7.971295240355109
4,Argileux,58,143,25,8.357067594474614
9,Sableux,165,84,28,10.84721755152455
4,Argileux,183,148,29,8.192834511759138
3,Sableux,109,140,26,6.109327683511012
9,Sableux,170,139,19,10.227106933736884
2,Limoneux,188,127,17,7.862510038686789
4,Sableux,157,66,20,3.7135225616807257
6,Sableux,157,67,20,8.09265504281922
2,Limoneux,180,94,29,11.172166908794962
8,Sableux,125,142,28,6.566813629483985
8,Limoneux,79,133,22,5.666932217098201
1,Limoneux,70,102,16,4.291225113162181
3,Sableux,83,140,15,4.3630096974182155
9,Sableux,90,131,18,6.89494335907637
5,Argileux,100,117,21,8.361118417453767
6,Limoneux,131,114,29,3.7255386465264158
4,Argileux,107,50,25,11.456117301226492
2,Sableux,124,107,24,9.796202557006763
8,Argileux,72,75,17,8.279615264552964
6,Limoneux,177,69,17,10.455948038450916
5,Argileux,199,136,19,3.7216808113090196
9,Limoneux,66,59,19,7.291549899598119
1,Sableux,118,108,27,8.67083814175497
5,Sableux,157,124,24,10.457876155064604
6,Limoneux,188,90,17,10.05122604044341
5,Sableux,143,54,23,5.493623247420597
6,Sableux,64,114,18,11.467921526032839
6,Sableux,140,66,27,4.1191125728778335
7,Sableux,82,71,27,10.876202567590369
4,Limoneux,174,147,29,11.738462246441568
8,Argileux,65,90,17,4.59438170900363
7,Argileux,115,142,25,9.498594577834067
9,Sableux,96,117,16,3.362569669001986
7,Argileux,197,118,24,6.648805426252395
3,Argileux,173,60,27,7.646549692779066
3,Sableux,50,105,25,8.225807033186706
8,Sableux,136,100,23,11.423435234237036
5,Argileux,177,70,18,9.050256185647752
4,Limoneux,116,148,17,7.331501560973133
8,Sableux,53,125,21,10.287075326393005
6,Limoneux,96,75,22,11.55479538858968
2,Argileux,87,68,25,3.198595338140618
4,Sableux,192,109,28,11.842691450304349
4,Limoneux,70,120,16,3.775189251573123
6,Sableux,106,96,21,10.329481013418853
6,Argileux,166,120,26,5.523012772962712
1,Limoneux,95,75,19,4.189616919784846
8,Argileux,191,89,29,6.9587007574245145
6,Argileux,194,54,25,8.795609215028522
3,Sableux,88,70,19,6.428566605211275
9,Limoneux,186,127,17,3.4910886745442906
2,Argileux,148,53,19,8.39515025692845
8,Argileux,126,72,26,11.121629484996072
3,Limoneux,164,133,16,6.4489382935252655
5,Argileux,183,64,18,4.946994998677443
6,Argileux,140,142,20,6.983196113395339
6,Limoneux,147,57,15,3.4352643994390277
4,Limoneux,169,90,24,10.384388260322474
3,Limoneux,95,68,18,10.437067298551682
4,Limoneux,87,95,20,8.292004170866655
1,Sableux,191,77,23,6.177926000445505
4,Limoneux,149,140,28,10.198050280012051
1,Sableux,121,117,25,7.992183223095305
1,Sableux,84,64,25,10.433390776950146
6,Sableux,196,148,27,8.683129133247185
5,Argileux,79,86,16,10.059649258915176
4,Sableux,127,50,25,8.38706693895984
3,Sableux,133,116,21,6.7272696139409955
1,Argileux,162,73,20,11.621512739335238
6,Argileux,74,76,16,7.870024423909602
2,Argileux,137,89,22,8.445805666864846
8,Limoneux,63,112,21,4.984388754732743
5,Argileux,151,110,25,8.63085710484549
7,Argileux,199,85,19,8.144468845346495
2,Sableux,132,147,26,4.663545581523224
8,Argileux,159,142,19,3.5362838761782935
2,Limoneux,180,73,21,8.43923387743294
4,Argileux,68,73,23,9.873230424152885
1,Limoneux,77,53,25,7.710612338298074
5,Argileux,120,116,29,5.040953627876812
9,Argileux,112,83,23,8.998697790237316
1,Argileux,122,106,23,3.7209515394864203
9,Argileux,173,98,20,6.976503343217591
8,Limoneux,168,136,24,4.470300825585782
6,Limoneux,170,102,20,4.660131459538951
7,Sableux,68,72,17,4.820645542423833
3,Limoneux,191,118,15,6.480363513395801
1,Argileux,169,144,21,3.460351850583579
5,Sableux,110,102,18,6.580140968361883
2,Sableux,79,111,15,7.605367024032308
5,Sableux,58,90,29,7.349648564696927
8,Argileux,113,106,22,6.445056903627365
9,Limoneux,169,109,26,10.552319472636771
2,Argileux,101,103,20,4.307940231784537
3,Sableux,138,119,20,7.5512706940323655
3,Argileux,191,106,16,3.5583727526089888
1,Argileux,102,59,29,3.6404011099011875
8,Limoneux,127,89,15,8.164792647093867
6,Limoneux,90,56,27,8.094165823990387
8,Sableux,117,87,28,10.902301615600113
9,Argileux,57,134,28,8.020863080940659
5,Argileux,51,110,16,11.638119183643651
3,Limoneux,154,133,18,3.438253635599368
5,Argileux,174,52,16,3.8820691630266695
5,Argileux,159,100,15,3.3965927541334326
5,Argileux,135,135,21,4.667491653001861
3,Limoneux,169,96,25,7.871430998475103
4,Sableux,176,117,25,8.810149632846851
9,Sableux,65,141,29,3.410266421538019
9,Argileux,111,125,26,11.513738008610394
2,Sableux,162,87,22,10.579488389853429
8,Limoneux,61,85,20,5.6695123394138385
8,Limoneux,84,90,18,3.6946877720382116
7,Sableux,60,118,28,4.528983658971516
8,Sableux,113,62,20,4.142499723794754
3,Argileux,99,136,17,4.109554013690522
6,Sableux,198,107,26,7.667055197991606
1,Argileux,118,99,22,5.212626982440603
7,Argileux,97,79,24,6.2232574487623005
1,Limoneux,69,111,28,11.905548000458902
9,Limoneux,150,74,27,9.158828240328102
1,Limoneux,186,76,27,11.540826003423012
1,Limoneux,117,100,16,4.28300899529804
7,Sableux,84,127,19,6.439255273493123
2,Limoneux,114,106,15,7.992586229541189
5,Sableux,57,96,20,3.690822556998642
8,Limoneux,94,149,16,3.037686992651621
8,Sableux,136,88,18,9.033909004172259
3,Argileux,125,65,20,8.776375651212918
7,Sableux,125,71,24,6.697099289996506
3,Sableux,96,134,25,7.4067966842882935
6,Limoneux,64,103,22,6.738987005328807
6,Sableux,154,70,26,3.216045403604
3,Argileux,196,121,22,6.018344455957162
7,Argileux,75,65,25,4.593740298575609
3,Limoneux,101,108,20,3.885817701912319
8,Argileux,142,80,18,11.610483905004148
4,Sableux,199,91,22,8.394237525379491
1,Argileux,70,123,27,9.557906558129424
4,Limoneux,100,81,22,5.8382736893950575
7,Sableux,87,108,24,6.538324165446137
4,Limoneux,69,83,28,5.132315945070511
6,Sableux,181,58,15,3.8726910386888225
9,Argileux,104,130,18,4.611284736974254
1,Limoneux,141,60,18,10.177626407668374
5,Limoneux,77,145,21,9.097912246653983
7,Sableux,53,59,28,7.922359883869293
1,Limoneux,199,135,28,7.275808855800912
4,Sableux,125,66,25,11.30190855290512
6,Sableux,116,117,21,3.6546145300080157
2,Sableux,135,97,27,5.525407319141244
5,Sableux,140,101,25,6.149440682136427
1,Argileux,154,74,29,10.04183230991509
6,Sableux,50,70,22,11.932631581457741
6,Limoneux,121,114,25,5.166034632814378
4,Argileux,136,112,19,10.868766007233726
8,Limoneux,55,138,21,10.47560484388612
4,Argileux,194,100,22,5.021916578775899
8,Sableux,110,85,29,6.593993221793003
8,Argileux,61,130,23,6.687055823632672
5,Argileux,55,137,17,11.803986016739024
4,Limoneux,76,115,17,4.628027112410085
2,Limoneux,185,64,18,10.192421739943038
3,Sableux,173,145,19,6.007734427557989
3,Argileux,155,88,24,9.577833111985443
4,Argileux,142,119,15,6.780099038660966
4,Argileux,158,50,29,8.20523786804886
5,Sableux,148,72,29,10.493505959935181
4,Sableux,191,88,21,10.237490084854958
8,Sableux,84,106,23,10.797808651857302
6,Sableux,133,130,22,3.536555928101931
6,Sableux,105,83,29,9.228454977357703
8,Limoneux,190,90,29,4.259886390495866
7,Argileux,98,142,19,6.742367112165699
8,Argileux,95,122,28,7.937295735492196
2,Argileux,162,62,28,6.624655362721477
9,Argileux,185,119,18,7.6765050822270675
1,Argileux,92,55,26,11.968736779187573
8,Argileux,197,133,21,4.2169558234156925
4,Argileux,173,101,19,9.079104408027831
4,Argileux,146,52,21,6.564008697470537
5,Limoneux,139,130,26,4.1970881901659585
8,Argileux,88,112,15,4.428630870368786
5,Limoneux,134,98,15,11.543457956210553
8,Sableux,111,125,24,10.916413470405859
1,Argileux,155,96,28,11.163377643735197
9,Sableux,156,104,27,11.923794982446479
6,Sableux,103,113,17,4.874838510076661
3,Sableux,175,114,28,6.198954036276556
8,Limoneux,58,130,25,9.0229712693238
9,Sableux,137,116,16,7.354222858745826
6,Sableux,86,139,16,6.765505800405002
7,Sableux,98,64,21,6.220301244020337
1,Argileux,90,149,26,8.344025687491069
5,Argileux,66,81,24,8.180340857760738
5,Limoneux,137,145,16,4.453120506578161
4,Limoneux,70,117,25,7.2456585376659515
6,Argileux,100,67,18,7.981245985888649
7,Limoneux,108,132,16,8.132582448582514
9,Argileux,90,92,20,4.890964736211166
1,Sableux,88,84,22,9.68044253027058
6,Sableux,190,127,24,3.226791853389627
7,Limoneux,60,107,18,6.193486699888464
3,Argileux,196,82,29,10.021913836820701
8,Argileux,188,63,19,8.075036289498621
5,Limoneux,126,83,18,5.3504618925977425
9,Argileux,176,110,17,9.25457807408743
5,Sableux,95,53,19,8.106518497404661
9,Limoneux,94,137,28,10.166192485107484
4,Limoneux,50,108,23,9.61522667570841
9,Argileux,157,78,22,8.490971298326112
5,Limoneux,68,132,22,7.393599077797326
9,Argileux,125,55,22,4.1986391310077105
3,Argileux,121,146,26,5.351997160968454
4,Argileux,158,98,22,6.771895256253767
9,Argileux,61,89,21,8.393693583057498
6,Argileux,94,132,22,7.6233706969377435
2,Limoneux,139,114,25,5.593660733635765
7,Sableux,152,118,28,3.058179220107395
2,Sableux,57,76,22,7.466152997107326
2,Limoneux,140,129,27,5.570633897060188
1,Limoneux,136,55,28,9.611474706394816
3,Sableux,133,62,22,3.2155163874343513
6,Sableux,131,113,26,8.263450301752119
8,Sableux,195,111,24,11.473268137554589
9,Sableux,117,148,21,4.569683404003495
7,Sableux,176,68,26,7.244845416755358
4,Argileux,131,125,15,3.8227979263542435
6,Limoneux,196,129,18,8.631137210352174
5,Argileux,133,92,27,7.954785125366031
8,Sableux,162,123,27,6.666289717915491
1,Sableux,125,138,18,7.692393193263671
1,Sableux,171,69,19,11.069171926221092
6,Argileux,192,144,24,4.766648720799603
2,Argileux,90,117,20,3.2030806053481253
5,Sableux,51,93,18,10.75498396229191
1,Argileux,78,72,29,8.194053741491159
7,Argileux,154,51,16,11.015926099156582
1,Sableux,100,71,20,8.372507010718554
4,Argileux,124,106,29,10.291449809637323
9,Limoneux,59,121,22,6.8670602701963315
1,Limoneux,191,56,29,9.748739381594419
4,Limoneux,100,127,22,11.217373202008703
6,Limoneux,167,105,21,8.149106673499857
6,Sableux,170,116,20,4.627066355061416
8,Sableux,88,65,16,5.419178535271783
1,Sableux,77,132,29,4.7878011920766514
7,Limoneux,52,100,21,5.2217132483615964
1,Limoneux,133,131,25,5.757739044159328
7,Argileux,166,129,26,7.996204080778696
3,Argileux,51,121,28,8.291924665174495
8,Limoneux,142,146,28,6.83849772517675
3,Limoneux,180,61,19,8.53878701838752
1,Limoneux,193,102,20,3.7341743305022934
8,Limoneux,143,124,24,3.7900941335234397
3,Argileux,89,54,22,4.546465143218926
2,Limoneux,51,76,28,7.662697482363103
1,Argileux,130,61,22,4.925952108284822
3,Limoneux,61,66,17,5.549559631433196
2,Limoneux,114,55,26,6.602815525556947
2,Limoneux,104,146,26,10.306795116093419
6,Argileux,94,54,28,3.124759223215741
1,Argileux,150,106,21,8.844409382129601
2,Sableux,111,77,15,9.019888779366168
6,Limoneux,98,127,15,10.187902023209729
3,Sableux,176,118,21,11.39477645154282
4,Sableux,72,108,29,3.1812406405436082
1,Argileux,87,82,29,4.384053349618945
8,Argileux,77,111,24,10.975541646503938
7,Sableux,70,99,23,7.126667059683138
7,Limoneux,156,68,21,8.08131575040117
3,Argileux,195,135,24,8.967244833508326
3,Limoneux,148,118,19,9.111599440460736
2,Limoneux,168,115,22,11.385663629848574
1,Sableux,122,143,16,11.972544756705027
7,Sableux,171,96,23,9.481417148378462
7,Sableux,79,88,20,5.584990882846357
2,Sableux,157,117,27,10.917771620649091
7,Argileux,147,82,23,3.4429882308668542
8,Argileux,81,62,16,5.0797276758704655
1,Sableux,128,133,17,11.076471457173433
9,Argileux,90,103,26,5.305723629954194
7,Sableux,112,56,22,4.985859536595736
3,Limoneux,72,128,15,4.243127638262225
