Humidité (%),Température (°C),pH du sol,Précipitations (mm),Type de sol,Rendement agricole (t/ha)
52.472407130841745,27.45404285049363,6.055398786515859,179.77044628405451,Limoneux,7.038884506109233
87.04285838459498,23.40240915860301,7.125702842135075,169.79546940743273,Limoneux,7.712546575085331
73.9196365086843,17.738190407158193,8.118837507629225,56.41051645160892,Limoneux,6.587577676793979
65.91950905182219,30.344875492673715,7.696674659228684,135.31195690653908,Sableux,7.907267946679265
39.36111842654619,27.118279313846983,7.919683443584349,145.04890469646426,Sableux,6.889830206534564
39.35967122017216,14.065423483622283,7.4763501001321515,149.7056952242251,Sableux,4.440933712813346
33.48501673009197,32.77317961234606,7.576829693553558,195.04309230683307,Limoneux,7.049790604690718
81.97056874649611,30.563431073079226,8.047586954695959,183.40063668171962,Sableux,8.832686405703502
66.06690070459253,33.7449978322981,6.249004026577558,201.97627319836116,Argileux,8.169194967290835
72.48435466776273,28.142987709709,6.968274890929422,241.22081538553206,Argileux,8.637829370899192
31.23506965774815,25.33537989839475,6.163628325458807,253.24643467902337,Sableux,6.668475457193299
88.19459112971967,20.456075907265472,8.46300402398994,229.5307690566236,Argileux,8.096651764440743
79.94655844802531,33.31821208385033,8.332178019059839,288.8809239887337,Argileux,8.844009024464508
42.74034664069657,31.65159723751021,5.618280434105518,54.55814566909041,Limoneux,5.09325358693658
40.909498032426036,11.130466752654735,7.616725517547065,98.94449642088652,Sableux,6.004702595231061
41.00427059120603,10.6591743624313,8.275744952246997,51.89071874453553,Sableux,4.044606035216838
48.254534577572265,19.41158417195124,6.041726035382,211.86867853865076,Limoneux,5.384240186800048
61.48538589793427,30.263833269545824,7.203835691657888,274.50763723749674,Argileux,8.83345652445309
55.916701118526944,34.68190323287361,8.246464892764125,110.87057414407482,Argileux,7.583072022734519
47.47374841188251,13.760422277588205,5.601837935757397,281.75863619907665,Sableux,7.182271998127038
66.71117368334276,24.853267883803376,7.59226080174052,65.06684757239022,Argileux,6.467170684966217
38.36963163912251,19.52227141577554,6.392047022117652,283.6090067013786,Limoneux,7.2319699854204815
47.528678912113094,34.24785994536508,8.273188586129592,137.9056718099086,Limoneux,8.02540163667011
51.9817105976215,31.052973078392718,8.413174735496103,75.35520711230413,Sableux,6.054863484663056
57.364199053022155,30.958217617778445,8.332799467340301,171.4679397965814,Limoneux,7.083170204206457
77.11055768358082,21.717328994874258,6.922642649972391,114.19414193012699,Limoneux,6.184117291610738
41.98042692950158,20.37048755844163,8.08612795296794,121.2182254904807,Sableux,5.5585971496575795
60.8540663048167,16.835176798267657,8.033648195605211,126.82249123157165,Limoneux,6.855717111445824
65.54487413172255,11.409387416273178,6.457301419729767,250.75647445816585,Limoneux,7.113101949791097
32.78702476319987,31.61805940637633,7.986746422452033,184.79031916881362,Limoneux,7.055967678765428
66.45269111408629,30.32252522825194,5.611022904146478,127.82692478900091,Argileux,5.97017811714994
40.23144742123749,34.992941832153264,7.288809635446159,202.5834458277296,Sableux,7.020142578739795
33.90309557911677,34.91592092684763,6.190026511863109,229.0376685557984,Sableux,6.280287053339212
86.93313223519999,23.885792640065688,5.861700657331836,118.15600018338344,Sableux,7.6605361915811425
87.93792198447356,29.224685379512763,5.730859604887628,153.38727538133787,Argileux,8.622203040126852
78.50384088698766,33.619143247060705,7.5888663276344195,80.47152333423689,Argileux,7.830449302556367
48.27682615040224,31.241184766935287,6.519624891304199,95.28733738367008,Sableux,5.662619149592466
35.86032684038303,16.18370254357994,7.674300314586285,220.2794634912457,Argileux,6.824653483314549
71.05398159072942,21.263603382752336,5.696069022396827,95.35958692390673,Sableux,5.941201626336568
56.40914962437608,13.228985378787375,6.445871013491831,181.29084591676505,Argileux,5.358725465118608
37.32229409068673,33.85127568146806,7.118473877126012,227.26156543060816,Limoneux,6.913834555443057
59.71061460667621,25.154365861272,7.872169494516891,76.71923077368595,Limoneux,5.962670777889806
32.063311266913104,15.716070137586568,6.4562575087962095,191.8280549072259,Sableux,5.428345796645542
84.55922412472692,26.792517110146417,7.3776741293110275,114.14069592534094,Argileux,7.368406185116176
45.52679889600101,25.453206011447396,8.15793324470856,290.7317188093949,Argileux,7.1906018645908025
69.75133706123893,18.954067950821013,7.347589564546913,170.88641167998117,Limoneux,7.52445714494875
48.70266456536466,12.838939804990726,6.198878424260902,251.49813744378952,Limoneux,6.2480836314221415
61.20408127066865,26.78932988981999,5.573202344669614,187.55663553906544,Argileux,6.670358569941084
62.80261676059678,23.00769252259483,8.11029662170279,60.853133213704794,Argileux,6.569685501308879
41.091267331531625,29.30795979339098,5.563808232551161,208.2878438985056,Argileux,6.121834129907413
88.17507766587352,23.004087527799832,8.124105018052598,287.85083555166426,Argileux,8.360427091625143
76.50796940166687,31.304537507963502,7.086811402081636,200.4029550365828,Argileux,8.942495424531169
86.36993649385136,23.797670969362137,8.317203095538689,254.79721485669756,Argileux,9.82125196879367
83.68964102565893,24.023449288384654,7.896349707320996,271.05161583710196,Sableux,8.650890769547612
65.8739987286651,31.916340066458627,8.493802331600012,107.01994298723312,Argileux,7.285923923465672
85.312454101387,20.087071655309927,6.5521354463551305,103.01120997705667,Limoneux,6.144292953639642
35.30955012311517,13.350380711266018,7.801564866793381,202.74524721274793,Sableux,5.7078543329081395
41.75897174514871,10.719566907833475,6.705792740827727,152.75711745167618,Argileux,4.7947202658776895
32.71363733463228,28.878431391840476,6.939626860911726,259.9653257166801,Limoneux,7.1124980156840145
49.519819845795865,25.507738783836615,7.382516389655111,275.0057808495028,Sableux,7.942670030771524
53.320637381368925,27.60199420248059,8.121031342559016,138.35534482567954,Limoneux,6.247542635834344
46.28094190643375,15.324104037722769,8.452250407597885,109.21763974362051,Argileux,5.2396682754027095
79.72425054911577,13.409286889669243,7.804820241593554,245.13137881096546,Argileux,6.786523346980821
51.40519960161536,10.363616641697048,6.753300346502002,118.70150888703402,Argileux,4.834945801563809
46.85607058124285,18.764688970164926,6.764071006831211,255.6535796284196,Argileux,6.794121736095477
62.56176498949491,24.74794217136583,7.712746904766675,155.9345634121907,Sableux,7.124487758495348
38.45545349848576,19.806101127493307,6.216331437304907,216.8874748228676,Sableux,6.252613451368128
78.13181884524238,20.936873050593228,5.831422339394184,73.88382845866704,Limoneux,6.554175698551827
34.47303862078625,32.60396736234371,6.56386647292233,205.96483116914325,Argileux,6.118053974027101
89.21321619603104,18.706386675582507,6.3617169749622455,162.94191968430727,Limoneux,6.573366871077151
76.33468615779944,22.84973722899527,6.3889243613679705,196.65211579386852,Sableux,7.776284856207408
41.92294089205035,29.591325318528575,6.20082325314973,92.00355193621586,Argileux,4.700542695405549
30.331327027416144,19.913569558031753,5.626279568909085,234.21843623604553,Argileux,6.010686767798633
78.92768570729005,25.552167505696836,5.553621804200241,265.69926938580716,Sableux,7.744444929190257
72.41144063085703,31.55909271866863,8.463167169208095,104.18495002269391,Sableux,8.263834553027744
73.74043008245924,33.738015591441055,6.783319401207587,73.92863888004044,Sableux,7.191421176649133
76.27622080115674,13.676837023225948,6.652979941479045,55.9096465115841,Sableux,5.36958797069702
34.442679104045425,33.16469062903736,7.53894184807921,210.4928751108165,Sableux,7.769911867630269
51.507943712656356,22.302907326988453,6.154761663595193,201.77350902219519,Argileux,6.078376466116033
36.95214357150778,16.45610970747396,8.349883551850676,186.6743531785175,Sableux,5.495748284264136
81.78620555253562,21.478393905956533,7.8590350432466565,107.98677402899386,Argileux,6.360308808180024
67.39788760965348,34.50081438213692,5.768233006936779,147.72649897637865,Argileux,7.015274853084516
49.85388149115895,22.31545234982174,6.752742327354785,198.61908379654326,Sableux,6.6642401868723065
33.81350101716142,18.218790257187706,8.137354922686495,174.19171471479234,Sableux,6.034164285609583
48.65893930293973,25.835021357918144,8.334196066874231,296.94638005372184,Argileux,8.610467514276797
49.51099932160482,16.003640469454826,6.902204533749609,84.10993813918328,Sableux,4.129385985369037
73.77637070028385,11.896583202716599,7.340234167632123,223.78613851189846,Sableux,6.982812874360846
68.25344828131279,13.22199304776623,6.001101838276226,151.07969202607302,Sableux,5.440404762690926
83.23276455457959,13.20114597394431,8.47350587841093,157.04990373140367,Limoneux,6.937868641271571
58.33289550971696,13.797567337807358,6.19501510415033,229.39944141454407,Argileux,7.676114483849782
37.1756547562981,13.470679316235254,8.328195322405378,223.10903783109242,Limoneux,6.227555615256292
72.7946872333797,26.021868620080365,7.448939946977106,297.8139984255471,Sableux,9.28063312852865
75.64710291701385,14.54700210997862,7.323210384636577,82.0985723635313,Limoneux,6.888862063662445
63.67663185416978,18.64168208309658,7.038065533049526,76.02741234604159,Sableux,6.239329333484273
76.25803079727366,32.4197102476503,6.192009435153276,231.0847042821853,Limoneux,8.2943680681352
59.62773578186344,21.84904100657181,6.029584096016524,194.59672925160228,Sableux,6.1278320267479724
61.363969762919645,26.68894346302568,6.161458627210526,118.54016663995147,Limoneux,6.4305311532318
55.652461101512976,14.307996780040746,6.059314786432764,69.85484224724665,Limoneux,4.547906288575209
31.52514760464571,14.80722547021677,7.83875342070026,71.41456239910764,Limoneux,3.610894614374618
36.473485619598264,11.021715406661972,6.55037577750019,273.5477186660296,Argileux,6.168966270094133
31.885751141204054,14.223376576804114,5.673528029690189,97.96683117968573,Limoneux,4.3354468719678785
68.18462467582683,16.964758475798966,8.407307890422434,130.8428905288802,Argileux,7.399901636753848
48.8613588645796,14.42526210691867,8.151357654890276,106.664100556747,Sableux,5.182139146208645
60.514241469882165,12.21756334392639,8.283256849585639,138.74907645798433,Limoneux,6.09461521502902
84.45398843556558,13.015896777515021,8.484723467939306,67.35596068652335,Sableux,5.84209124202131
44.9575337489325,21.519469200818143,6.021685747658462,179.76494772706758,Sableux,6.514908359576006
54.62297538213778,15.158342960144813,6.688726056707976,66.90314089805372,Limoneux,4.884274601970326
75.33306831258292,19.10674652620189,7.774715427112274,250.0891269555904,Argileux,7.410173410574958
43.72788992949735,22.58543177137142,7.588061854161377,108.42802047760826,Limoneux,5.687047035698407
34.61879458972758,27.25987071573413,5.961687719019565,185.00297865112765,Sableux,6.373822679070915
47.38508717482608,10.982803496027474,7.947499374971853,270.01977189036455,Sableux,6.781874186245244
39.67327723524026,29.985259972726066,6.1733217155099815,212.71934226179854,Limoneux,7.39512336992403
85.78185914055439,25.697509737272696,6.171452844467869,183.23944663783382,Argileux,7.1523628060151205
78.48722277386501,12.043975798721798,7.11092326868024,131.08343827884391,Argileux,5.853038889650054
68.00422539062541,31.83946560266943,7.27881980452511,133.25047826454949,Sableux,7.732219194759368
82.28763541126307,33.02181001329533,7.240258623513434,217.37173879954753,Sableux,8.470298031292907
78.22032461394687,11.526948996371594,5.774460512193265,298.5348403052919,Argileux,7.771316328309651
41.19420353316215,16.921941203680092,8.13238258789114,215.45979746234465,Limoneux,5.15228656474437
83.55353990939867,30.155031994826533,6.296800127766118,189.44585434250624,Sableux,9.56882476332055
62.36053451493904,28.70649225959146,5.8885447638484125,232.6626275598115,Argileux,7.583630626767265
78.44640930984374,14.613025483909432,8.166244239606932,166.30140307092955,Sableux,7.60840915029429
83.7654779954096,15.233733083417757,8.36695449468926,65.03558565019631,Limoneux,6.099643067421092
49.08020849831183,19.26180256978455,8.086382851796351,190.57420396947745,Argileux,6.759627574663815
36.60311547166061,22.113074629775532,7.928548224174634,289.40632112634506,Sableux,8.029360340827159
43.6761097525165,25.4563692882574,7.465725941917065,93.8257355894149,Limoneux,6.316448235418078
55.626467317575376,19.22284098924431,7.152572111827418,222.50122270516644,Sableux,6.820493370169748
79.08088595534959,21.563367903328697,5.76096027973423,100.23342216476412,Limoneux,6.364031766082303
81.64383499538062,28.686773453343914,6.725359639212096,183.95692111827032,Limoneux,8.563588368376822
30.417127831871444,10.917080072264948,6.618065551036942,74.1691124116799,Argileux,5.014385963160473
60.64483815465394,16.31092360860052,6.2792613512809785,162.59273406454628,Limoneux,6.218133914587092
55.04466018892674,27.83373964711381,7.670260341065755,239.04083222381152,Sableux,8.774817970526215
43.326468628243816,32.38017094217999,6.987627205236312,136.89288105974552,Limoneux,6.449373977450893
37.19192204002097,22.791936052891653,5.743138647722944,216.22793112180452,Limoneux,6.688223904700454
50.25691028421768,23.30283713163289,6.160549605849434,248.8624901974323,Argileux,7.662172417128766
86.57458223475115,12.6793002834944,7.549776290978787,281.79445486986316,Limoneux,7.988473083669982
49.39217592124531,21.185309170586365,5.728392578470901,108.66052046386338,Limoneux,5.0694552698710265
61.12743730460197,23.315431661375577,8.053620742146306,149.82897895232702,Sableux,7.430296900444658
72.18113753371067,16.06176259086824,6.985439581041923,88.10400333260435,Argileux,5.629233889826755
51.81777614275764,16.731080773734526,6.9417597319799444,298.12087553959384,Argileux,6.876181837208193
88.30692496325764,19.432104077615566,7.2772233539785525,281.7502419810738,Argileux,8.355765387187994
87.74683769652668,10.50177994444316,7.974042897775448,184.9892825701399,Limoneux,6.918489048459189
45.10693774952185,18.05197913957946,6.543427623706579,260.5083235941053,Argileux,7.162839092501301
59.83491035354312,15.286200174913617,7.534048457677191,180.23949431801054,Limoneux,6.68776024083368
48.052698589006184,18.187433804447867,7.1971958919873735,205.89642200068994,Limoneux,6.781857168408204
47.090429662648056,12.99405329548128,6.301084810508264,72.28110802900416,Sableux,4.716016667670692
32.213216841271965,32.263182018497375,8.135889959065473,238.81760512420198,Sableux,7.110164608244469
66.57386003879381,24.839811338851217,7.892278064820784,81.9283709088087,Sableux,6.799308540402993
60.16074139373169,26.97755797861224,7.475355503975276,256.5169075631321,Sableux,8.642005346474845
33.08872507499936,29.729280965183456,8.051745187282727,245.50702191759646,Sableux,7.595276698256228
46.71878785419669,22.46105497322643,8.101882602879407,227.1861744357441,Limoneux,7.298094291977078
84.49595315799922,12.173007202185593,7.625088930145104,59.040095131190526,Limoneux,5.48662342778569
44.37371344001835,23.427663545463695,8.011039985091017,125.78208898633216,Argileux,6.13690805695644
38.693692325473386,24.671027950521978,7.592414385007851,115.77814247771072,Limoneux,5.334726405004908
59.36716561665378,28.635986854608248,7.540422315280901,140.03410186787977,Limoneux,6.979979439674485
89.13902724663603,20.791488655741986,7.355834134645553,71.91068669095964,Sableux,5.922767569262986
44.523316290690026,13.189507569889095,7.758149918672924,284.23945575776565,Limoneux,6.006315091132135
70.32813284435272,17.09439764496811,5.975815315879221,188.45056017809407,Sableux,6.62452093871812
75.69717691972306,19.077057409965878,8.142612277596786,126.38107766450588,Argileux,6.564716145035433
44.25825263954398,26.147931033290032,8.115530583235696,149.24537926857084,Argileux,6.5340631586047975
73.69298091671158,24.269457616722796,5.587741849103677,161.80063512620893,Limoneux,6.9573382157227135
52.06698796315519,18.902418147446156,7.977450251694288,200.14858334015432,Argileux,6.7208750587224495
67.93834983561476,34.66288121982449,5.886609602420336,178.91985692412445,Limoneux,8.117028457907074
68.01178264565368,25.14437048392218,6.5053565627774255,279.8479933036043,Argileux,8.010932705478567
62.14648104448551,15.930669793399861,7.730524768874823,174.24087072645756,Sableux,6.425536150345823
35.4173862032645,12.544561815510093,5.982279688144924,298.03950370582817,Sableux,6.989126140218701
80.11814973535428,13.8214784796083,7.953901072357187,262.85623943627394,Sableux,7.939171238084234
49.24680389830415,16.148943209612703,7.996402533873226,102.12762858933395,Sableux,5.338890495494119
41.19111062399125,14.017034331488892,7.022403201282509,282.64880366097907,Limoneux,6.654049709327401
32.44650849328583,14.664175601282643,5.519157615150501,79.09159947136902,Argileux,3.9560765357420418
65.4535765912945,17.127379217346178,6.361114399524738,254.3624271227979,Limoneux,6.928430064629616
70.65386171053694,14.33433988236887,7.350780755127227,145.15582336914503,Sableux,5.85488479126379
30.995269735671368,32.41913561566063,8.443558534082271,269.4935801112674,Limoneux,7.358625075408375
60.72558349795686,12.005843641541055,7.395440581050005,267.0141725268626,Argileux,7.499070383742397
43.58974651187628,23.112784739256366,6.2794107431924795,251.4813500294053,Limoneux,6.597829062744573
68.71036742456698,20.259920674741537,7.402017109298834,247.50760907676533,Argileux,7.676082373850604
40.46198574029948,34.559465422715164,7.1199561391475665,126.16978477451019,Limoneux,6.897588064977981
71.45626428614796,12.800972554201309,7.839536185453431,70.22982076281305,Argileux,5.472722894318434
53.20412077803225,19.946389976143543,5.8209419164808756,150.74504469129036,Argileux,6.240437205823216
86.20379932420407,34.236760831884226,7.7830837075060835,93.38112874662717,Sableux,7.150571732093549
38.25125664875959,31.637678147349508,7.123799736028331,223.73777222561543,Argileux,7.165722213169401
50.46398106301551,30.426801773732,8.388976011576984,136.52493163444638,Sableux,6.975168500760292
36.80841127443534,16.447570676123497,6.525616498116058,293.90255021497876,Sableux,6.668597534616593
85.48161709671376,14.272189684751645,7.3978656794018445,210.243019336333,Sableux,6.70155450126517
82.64036120285886,26.716080498110774,8.296084316530052,255.62014090859023,Limoneux,9.564865420278872
45.47649766290934,33.23439972818964,5.807529183972038,83.13116818546212,Limoneux,5.52175366296607
69.59904276205074,23.919072325348246,8.311685461709352,265.5036205681556,Limoneux,8.571027592913941
79.03333201207295,24.290317236747498,7.5636571669024395,280.6892976283486,Limoneux,8.776517387518728
63.31204869596774,16.999477341507102,5.703511177315516,171.765479704734,Argileux,6.751467947435396
61.77903470136039,29.23732332979842,6.402890700840449,201.56323443774437,Argileux,8.616255357538297
44.5111374540271,14.676093713938084,7.624516265935845,241.20245022574886,Limoneux,5.830575743095449
35.586166068353954,18.09198091010609,5.702051804406315,93.70965681510313,Argileux,4.254035419974468
83.83294547719962,20.635910965410417,7.24651138052882,175.6415191158606,Argileux,7.657135551092703
84.02508342979982,22.690259467111375,6.53764917085887,149.6657569430783,Sableux,6.7746204111549195
67.98608743639608,16.060243310377004,7.362746553302431,86.59349804056228,Sableux,6.194805499495885
50.34178746292204,12.870920618480088,5.637226101437538,141.88360557288286,Sableux,5.603332334051041
50.95257447675965,25.265501061040816,8.11461041845713,67.0430773463734,Sableux,6.107788282751545
73.55734073221436,17.215763831006395,8.420466907532191,56.45297673737175,Argileux,6.098654461208741
83.82661559715463,24.530955535565305,8.406633565857074,83.79157228870568,Limoneux,7.8318821906453495
83.22518545590704,13.859067881855058,7.748955495228774,290.7787778972935,Argileux,7.712117329120017
76.79253275145743,22.028502546370436,5.890258720391896,187.38238397375423,Argileux,7.314043613850475
68.52189876925726,23.314735813789646,7.774789587787067,291.455540288305,Argileux,8.110940766163258
35.048397899702934,11.295588420560673,5.5737607493764045,158.12446958253298,Sableux,5.126320079946709
39.69772284567682,18.415106954848014,5.566370654586992,127.9540332713149,Sableux,4.146425724482537
83.91325131162475,13.360366923474356,6.470830657448624,176.53546571006103,Sableux,6.88131750953739
66.3857435795754,11.584374261819194,6.965929571213997,159.87792215822753,Limoneux,6.245532164205088
30.55182309699778,34.74900580974863,7.811222253423379,76.41617106543598,Argileux,5.372594050127511
36.08829257196193,18.058846124368074,7.549886129819516,210.20657867255156,Limoneux,5.791980042428218
69.81010614648335,30.246861146365873,6.8377081191302445,104.0095456273999,Sableux,6.9913120851573884
30.30369503077312,16.366016369094098,6.3208799988449975,204.8969887244574,Limoneux,5.972486936559375
39.64848308504992,27.037568055598232,8.491373500473134,212.55027309953834,Argileux,6.571652546761188
62.924027361995165,29.005696497242162,6.7785439067079185,88.00621328216204,Argileux,6.051239512609602
71.5137118615616,24.890968515196107,6.854161072989026,65.33740677766704,Sableux,6.829640760751321
69.11767557015602,21.78940471375396,5.990871463575008,245.19039651710995,Sableux,7.4557129885955815
43.45615856763359,20.296022853681713,7.884428646249788,164.95010594233003,Limoneux,5.748402469809815
72.73075328085216,18.721706663574885,7.581046677344466,64.54094887636894,Sableux,6.349699659532885
44.23494524980801,33.23822860619565,6.162308838366281,298.7165792924418,Sableux,7.884193383032933
49.52398188955606,30.765485194693227,5.747143136847528,64.44514024909166,Argileux,6.2252264553978485
74.78948430708145,34.12567276666282,7.541497906224139,223.7588072146383,Sableux,8.439940028043345
68.97797394283288,13.107430587138618,7.463533642843405,295.91973131585337,Sableux,7.65425325466849
80.95340462965068,28.271686880091107,6.319778580994628,109.7950260539814,Argileux,7.6620207770817945
69.4567735380206,33.458511420525944,8.352590686751231,85.56234217179905,Argileux,7.193214984566262
64.0985162001283,14.530826654141503,5.9531736753427005,80.34623485560722,Limoneux,5.606751095363686
35.62048606968555,11.662406684169436,6.797004403127806,125.81878689189888,Sableux,4.601812560393037
52.06294818356601,28.528016232251478,8.330847760502797,75.26145275266167,Argileux,7.219752095944158
45.91214206090353,24.3618278294978,6.759181950778367,223.04033542353298,Limoneux,7.675598285019161
44.63937860274501,31.0457194189568,7.415577842992256,65.57294953251568,Limoneux,5.2211665514889045
88.38063328514673,13.494309415657238,6.692783193888383,177.35553203744743,Sableux,7.372478865314218
53.58586348000563,29.881682796497255,6.32264560704601,299.1742134632442,Sableux,7.835864819779711
83.5227933106268,15.040683001193614,8.451932943879484,253.4925673765047,Limoneux,8.241697756098286
67.86831755983577,14.091398571642612,6.728002018945129,203.80485955775274,Argileux,6.742494631966247
77.6886782124989,14.106644948274823,8.182297611037402,126.56340519665292,Limoneux,6.02571237913408
60.15822558631153,30.364368005784552,6.189863817673259,205.97395907290962,Sableux,8.0818395442531
64.61423307758155,26.629930517405004,6.13931411207525,181.7603659779129,Argileux,7.284736256569497
59.55106162913184,23.076635619227982,5.593402248653534,156.52084597259287,Argileux,6.248203632608507
41.71457926788267,18.970762103087562,7.455000476127655,82.67759418504987,Limoneux,4.856733114271618
73.34712691569032,31.930013520327705,6.605579031171283,271.65105381011665,Sableux,8.933628858202093
46.846341746451344,19.811127685565886,8.09307474951891,162.4461622053306,Limoneux,6.438313637745873
31.45895798588723,30.41498598678943,6.9196297200746715,98.65562795519126,Limoneux,5.552994794090726
68.72833775443007,20.97837271425546,8.404580283744165,141.93983771932238,Limoneux,5.522903215457604
40.62664076442294,19.423610735622688,6.056576547109364,153.53243813223176,Argileux,5.5257083893936985
86.42751506117486,21.56699464174016,8.105869503866833,256.8844738917186,Argileux,7.974496874289394
87.23571462015525,17.534446854103553,7.829790558375225,233.40359514035052,Sableux,8.03650484594735
84.89186341322691,28.690234504406277,7.812765533932156,242.32622341033496,Sableux,8.261039392966879
52.20952201532666,22.56800975231198,8.034349684350662,52.7578161071618,Limoneux,4.808090561720279
30.927396991732046,15.805317378670432,7.7830719728289965,154.03849954494038,Limoneux,5.858787403808892
85.69911375526353,32.48936433186421,7.378660964894246,170.33603790883092,Limoneux,8.308835685304718
55.69104889903886,19.597280534330284,5.8937346330471625,54.79806920576417,Sableux,4.841045473160273
87.99928914262017,23.588821527849717,5.597578538473756,114.95330218625855,Argileux,7.250163054274728
87.81719862535516,32.661802774113674,8.26254354344706,240.07245578053374,Argileux,9.233457032654536
81.1805673280416,25.605949897849804,7.349950943562214,84.27742643224977,Limoneux,7.9918826279612265
47.66693352417514,12.922451017709102,7.889611872928529,183.82753286314792,Limoneux,5.797056755754033
53.105863716115515,33.49580309033688,6.94456705453765,103.80046800430938,Limoneux,6.837737832115822
81.06820029101141,25.692701326785446,5.851924566887184,53.03019366097332,Limoneux,6.8345268994058435
49.01532030937666,18.372640366427152,5.875557376607651,110.30036439988537,Sableux,6.068660435949084
40.16956480116555,13.481801816584682,7.556695861686914,293.96843872751344,Argileux,6.380162028102948
63.40807574750101,29.8506297317574,6.790917684698388,250.3842779707474,Limoneux,7.976486925160512
86.16928644964686,25.50181889821284,6.10157418010101,289.89416108025836,Sableux,9.566341118824862
71.76178780049838,23.33652729940804,6.97478364022431,171.96351098159062,Limoneux,7.655446102691676
64.2036702053619,32.347314576273945,5.692626811225402,77.43404966937588,Limoneux,6.998560851080507
35.83058962624611,29.71493028061327,7.245914205743196,186.98987224342324,Argileux,5.977320888394835
66.90043360195018,13.791871993318779,6.306980213305293,163.59433363999023,Limoneux,6.945421125601622
89.4032310062558,17.793051694888707,7.892677301911565,261.089270684904,Argileux,8.144002805492516
38.405040914191446,16.212228495361643,6.431085876770721,74.52064519606114,Argileux,4.5802547312492905
61.0997791418242,28.598657314316924,6.8656604472454035,172.06028425544454,Argileux,7.169529877297494
82.64238431567733,10.838310868394485,5.5348616197243015,87.51216617349607,Sableux,5.160959711890201
74.44611706525227,24.24724212178291,5.717340663383677,131.168981722515,Sableux,6.061168496113664
71.82094445971609,29.061467143517262,6.677480669220055,234.33926934694992,Argileux,7.368403573913142
72.14904503922656,31.919140919043738,6.93981650415137,169.00453234219162,Limoneux,7.91672369808009
51.56946907318531,18.55204371789769,7.300061644357911,143.97207128644231,Argileux,5.211237349605454
47.6155106558696,30.53143261680032,6.37498773612791,148.61906964250883,Limoneux,6.02010769759309
78.56166932871082,12.765793423880181,7.5849456583796275,164.86169210149666,Argileux,6.647592903784795
78.60680368075084,31.161307293362956,8.080367191567614,246.25413595926423,Limoneux,7.694606621554516
82.02433911480622,13.18721655829956,7.839552966680049,273.0211722350586,Sableux,8.42753217625195
84.79443315338827,19.93218226400918,5.618856476045071,288.8336716259821,Limoneux,7.166426748360799
60.68054393165627,29.93238414448884,6.941520841773487,246.72584656382378,Argileux,8.04896796934153
60.090977681231976,13.747935683719344,5.814790535254525,128.8517239370032,Sableux,5.497666247009938
77.89771073800651,15.731284880816037,6.226135047587582,222.03367652163553,Limoneux,7.536815380486669
68.99783584666591,28.056314209826656,8.45998777980144,159.40078101384796,Limoneux,7.631802414343563
72.11801263546221,28.00091341365186,5.92748662870454,113.66765551151279,Limoneux,7.834565039156161
77.74756016616607,26.028690822132432,6.996664460354069,260.21789485648065,Limoneux,8.652147241770967
83.40032050905398,27.3487111116775,7.354467202954357,59.60658724058125,Limoneux,7.4264180385881575
50.27970941109215,23.568111083689907,7.607394911632312,275.4404980338559,Sableux,7.307178097359959
52.53497715839664,16.294976472673817,7.178946050460742,165.36936615618356,Sableux,6.093813590991254
35.63891639045214,18.642399837597985,5.529312542257551,209.3003692020701,Sableux,6.518006236298132
64.69680845977044,14.539942920035642,6.479383924731976,214.83848055144568,Sableux,6.575072505951462
32.156536427804525,32.71126403334071,7.053134930154134,273.7794351766341,Argileux,7.680679337352668
57.93588108794761,24.58479486915301,5.7635994974345,209.16742054180182,Sableux,7.493416630905112
62.5586780824546,20.021285419090997,6.551880793627542,203.48339619001544,Limoneux,6.54997818089542
47.192475127697065,21.550145091103317,5.599609326374099,66.66301014017249,Limoneux,3.8678572862542455
65.44999563414065,33.68208349029538,5.7357354914650625,179.602005486301,Sableux,7.760026589518811
31.830014996342967,13.833785077902006,6.690769828604788,87.54225020426041,Limoneux,4.752804526836488
32.24089132495286,24.65574580041993,5.898147262129181,234.35844218037138,Sableux,5.710283372744429
79.3560336395795,22.64721697211165,7.202622544784674,178.05548020316863,Limoneux,7.904413566490952
51.61143848467577,25.286355885866193,7.568394907411797,220.05694480208834,Argileux,7.618859798757537
37.623630759113084,10.452754595521013,7.901760097327249,60.418225150596065,Argileux,3.0323765537710003
61.334595603288264,31.803097723603788,6.10045073273443,71.1980040114508,Sableux,5.866608248811528
76.19961318591665,33.302957062090314,6.002447746777209,229.08084701567057,Sableux,8.32755634503864
42.949261649810595,24.12832958973022,5.813703521003201,68.02108399966835,Sableux,4.953103244390753
67.37342854914002,27.416270596922306,7.4092907486309105,67.81418194131464,Limoneux,6.064413212058321
35.12084789962608,33.062484529432396,7.619427179460704,53.027118808721866,Sableux,5.214224257756966
33.10090327011646,27.680965857834966,5.594758434476926,289.12534957487003,Argileux,7.964481258499478
61.88127789408888,13.813476072856535,8.30863673873107,234.37708986475172,Limoneux,7.026693692866063
62.43810729660639,24.40720900417033,5.655913850954417,138.31285212551603,Sableux,6.071286287254625
68.2457940898924,25.1678761595714,7.123889005903211,124.13389532191381,Limoneux,6.790730448217852
73.5654800233597,20.60326678255965,7.627181558352749,137.42580743646238,Limoneux,7.158598064624966
88.55112476775207,28.41110589061807,8.112907371238258,243.66338279529546,Sableux,9.16638761393238
60.97802089807172,33.35917536922537,7.6422607963972835,215.3426527676036,Limoneux,8.064056890095578
49.377388376474755,33.13921282266941,7.905184249209375,96.29889196686699,Argileux,6.278620165565908
77.71117168612221,21.270984285103303,6.518350577628418,93.52733383352108,Argileux,6.106161838828593
46.24993507572445,12.830951146018881,7.944475341239537,74.59891242834934,Limoneux,4.496358202548301
56.338285242338166,34.62102997405836,5.740344539154026,215.07567992533453,Sableux,7.907194215662876
34.70738288053596,30.972452161148354,8.184449968181582,241.09316555543398,Limoneux,6.934497537690465
31.52104460492745,13.116567030081672,7.1427771284612085,116.261607081251,Argileux,4.763639537512549
87.7589048806755,33.02104706543431,7.951893309887481,55.236240257728205,Limoneux,8.242944898283426
80.15880723073235,31.747409051553205,6.8569548535549005,70.54291686910683,Limoneux,7.287663466162079
71.75845236562188,22.970951428151803,7.430733085589575,291.9650087112576,Argileux,8.324202047063284
54.53717666485619,24.781885893623233,7.07920798280834,123.86119436935506,Limoneux,5.64303948007847
40.39765920425074,19.975067596753256,7.694768565265996,242.3057869595334,Limoneux,7.533636742115814
39.38622256026516,11.369040970550783,5.744889946091769,206.16589221356594,Sableux,4.766064422511414
45.01457388987572,18.379931041147522,5.681056251971691,145.484909913224,Sableux,5.867699859444608
62.95359988236723,30.071336214950286,6.241309702030439,101.42181554888879,Argileux,6.912329973229379
72.87575536200373,10.115800575115072,5.978634040339565,80.34660453985161,Argileux,5.098552439658725
69.61184260306388,18.337479292278605,8.115350699776606,203.75324200971664,Argileux,7.208834246955941
46.79603381675657,19.954217339773585,6.157641962074133,243.65844515944698,Sableux,5.774457137632735
87.29191683979164,23.434890073448074,8.427595767457394,210.97606338528266,Argileux,8.6287430354363
74.2738150017461,32.99639041031901,6.510687375313321,182.57553331228956,Argileux,8.375791204009888
63.26124315068404,18.65864985914903,6.046353747066098,60.487805857909066,Argileux,4.776473828024951
66.70324477406113,18.673830047405694,7.869095521427438,292.122194398596,Sableux,8.022794387657612
55.176003745667394,28.43753120274371,7.476123326502629,249.67854791364365,Limoneux,7.934068646326384
44.86385937006945,21.30544852224518,6.9945871493594165,123.20550917524119,Argileux,5.9684611324824965
51.35836071907569,15.61512057349955,7.166090652812894,294.99258233971267,Limoneux,7.238120826085421
75.47076662786215,21.310987903317333,7.657605334816791,200.47039740908053,Argileux,6.831627908939941
30.863609317785354,13.521425509494996,6.185364223993896,195.60566455181163,Limoneux,4.922641082937848
36.964358430414975,14.409674662655583,8.489001748170226,237.01829485738304,Sableux,6.424645689376191
32.760158521305165,22.459194318486993,8.42437948644035,252.9424470225344,Sableux,7.323372926554182
32.44372813913821,20.473136237613698,7.45097705904081,214.11965183287566,Argileux,5.866330221163294
81.32763504066043,32.8711475267025,6.098627352787435,82.02393659155001,Limoneux,8.314574976886119
72.21947156280143,19.059847477915827,7.540684727293874,134.5668764986246,Sableux,5.7377142700139085
58.45042974523951,24.514708756951087,5.716595226937527,282.0209100815124,Argileux,7.4537309682634225
35.870049639060085,25.80660719798826,5.591957506617418,106.15390296096298,Argileux,5.216450525573586
59.49695250700994,10.32736141470834,6.273048665533641,143.04175595937835,Sableux,5.3459727774288694
58.408306246833945,26.588434300417767,6.8878688702179485,158.019220736049,Sableux,6.249705689622096
40.39211219460091,14.450899171743785,8.104817516225141,159.85124742361305,Argileux,5.815553165143151
56.03109895427838,34.026757936736374,7.681507209298924,203.2348956236314,Limoneux,8.1145626290639
53.91028406384241,13.716568193827824,7.728119563599943,285.76895943617694,Limoneux,7.223434345309389
66.95100588313298,20.365603093175594,6.776480003344226,110.17317795812625,Limoneux,6.375006477913427
68.10561905205863,12.133741701966096,6.537804977640889,80.37534407522952,Argileux,5.091208059968846
32.71824058632267,34.92185629614868,6.613116288953808,99.36762246498432,Sableux,5.13102860267993
52.47675687758827,22.554875258281065,8.462948691208172,271.73122505231737,Argileux,7.436505871421453
67.55159494285418,24.884625433001094,5.620327574237447,211.45270316380152,Sableux,7.436044097265568
60.188175514805266,11.676911934710688,8.101094488367345,121.47669730979003,Limoneux,5.777987415320276
81.38939047129934,28.749011759979446,7.236026225717181,253.9867347421543,Limoneux,8.874201319930409
69.52161789713671,15.247639827389644,6.815846257568771,265.342499090859,Sableux,7.757167178603609
39.77606562488578,32.45135723601784,7.67577298124541,261.6285846725695,Sableux,7.536848752163179
34.23412484402579,15.12849101205018,6.960006824274108,279.7316334098886,Argileux,6.423275185963465
68.54515669237894,14.767193016591664,8.120269714244982,113.06025504334039,Limoneux,6.4212074831734505
31.59067863249731,10.913741696202372,8.202105592033774,238.76048218656956,Argileux,5.789069520979765
65.1465348764078,21.80167362774998,6.765162780620367,165.134874318535,Argileux,6.1770729203912245
86.41381448549745,24.121028331565412,6.330483391705155,260.4996382225154,Argileux,8.104576751315976
64.52845067255274,11.64271598570881,7.277050985780087,232.1226692904033,Limoneux,7.213394860702141
53.29019557239131,29.388190417375263,8.237090036850073,244.11186162493115,Argileux,8.702099888604534
68.59729310654119,21.332220868700688,6.131986567017,214.04045942026787,Argileux,7.84306175186405
57.495173429491,23.1097567331895,7.368899750690448,94.35719236742672,Argileux,6.148365165599159
62.7370073589561,21.019068673455706,7.394680660277562,186.2567297242346,Argileux,6.384697246986257
86.48788852659152,20.01907652188315,7.699339067245843,296.16743488112706,Argileux,8.897266355568899
53.16615826804646,23.991008282705447,5.894703055381779,284.3470166242797,Argileux,8.350010701882118
87.67143382943485,13.881006148267812,7.647474894046265,60.793433949252915,Limoneux,6.437520707257635
84.32103851736383,14.548203262381778,8.227097561996922,91.20370393235928,Argileux,6.368983658205145
41.74746808735779,31.544640525337933,6.039049326610726,82.93219336364048,Sableux,6.050391320378829
34.16167805250993,33.65288655334082,6.212629974771633,231.49497749632388,Argileux,6.508657371007959
36.0466800826456,19.332732906993826,8.414185282124919,254.44633246423626,Argileux,6.453654925522161
31.093309539092985,16.768616828588844,6.04293085812847,103.37784157766798,Limoneux,3.942696657462709
35.6665776453557,26.099988580975396,8.063155280108738,176.46317323795725,Limoneux,6.673588636766489
70.98040640498141,20.21835427745241,6.976833569344104,260.17575700279997,Sableux,8.233959151994258
34.27131890761374,10.634658891508622,6.2416932232095315,233.20038619156264,Sableux,5.40477947481201
49.138537817625675,13.90381493415476,8.112249703817534,185.55930137296207,Limoneux,5.679636913613873
80.69251865816727,27.899305721184938,6.8359157650079965,197.58692261469324,Limoneux,8.117916124574702
31.39631614414955,26.473098547753786,7.0444520617890705,177.09013672907,Argileux,5.8886778087530915
78.86810895533614,10.677399812587087,6.577700108199297,124.38711282970515,Limoneux,5.622497679264032
46.911286486403995,15.549304048323737,7.278852554304782,191.25549821475403,Sableux,6.229014002635524
37.08988965729937,15.776869914701784,5.9905716177550685,222.22132551252267,Argileux,5.421565920611908
71.80422992184904,26.79731858996821,6.673244609955282,268.33072896520196,Sableux,7.629650531398974
67.73657080679304,10.492763443859104,8.408236967005863,209.07283849481203,Argileux,6.135464878534217
82.64832081162318,12.602714549614346,6.274400298103383,240.2803842607895,Limoneux,6.594513960472835
74.10426262823314,29.997902134329735,7.470209993623877,90.01790873864326,Sableux,7.218094767984686
78.20885582309091,14.46361655135834,6.475570192674085,165.3893686049475,Argileux,6.7412409838384075
46.922074354278394,26.31865269629687,7.820419377059801,52.332904956773326,Argileux,5.612224863482042
40.64637262678337,15.954569526168163,5.89262098215505,111.66971613040576,Limoneux,5.10805422888785
75.0368850984515,12.48603481898363,8.409463135235633,231.61542877825121,Limoneux,8.030841585535688
78.41008435603584,16.07930477498635,6.861368624150918,297.95248783734087,Limoneux,7.893400199282735
89.4303085200404,28.05667329639148,6.208151390039392,74.79452489680398,Sableux,7.302762546489759
54.757060614685585,31.392411702657142,5.720490241990038,150.37357896532205,Argileux,6.0051272693656
52.32108514756699,30.75549661417479,6.009273715262622,250.01774217478987,Limoneux,8.402912181695646
76.58477764451982,19.92958824046137,7.0593218456680535,101.00890865722471,Sableux,5.853266668717955
50.448212415181075,26.702128414266156,6.511009529293859,188.77123732557155,Sableux,6.477329618722285
85.84543953621389,15.124607385395525,7.9866500976478285,233.2678240074187,Sableux,7.645048635213102
81.5047651105807,17.328693256525334,6.792662570985418,203.99636256504476,Limoneux,6.67388997703129
55.7396416425011,32.40839546302799,6.246142817762889,97.00618365385404,Limoneux,6.485004528349621
75.05226406748984,10.325048087768401,7.3514349598120905,138.84614217143485,Argileux,6.257806846245018
75.27257244508094,12.1377132713617,7.620331650656338,245.9479461213493,Argileux,7.318223819031806
36.187432130155955,15.197156378650682,6.00112572370285,188.55662853300416,Limoneux,4.621671801498629
84.15317440077399,10.663305096845493,6.002857648864953,51.307403385728186,Sableux,6.357639771574409
60.315142346871426,14.535885877244933,5.610014280800629,240.24769000702346,Sableux,6.905964922442972
79.5874479664645,24.576039024242306,7.709206045196922,58.82783873505977,Sableux,7.938669083254027
49.20297606183671,20.53561376481245,7.491413582865415,236.43344568280804,Argileux,6.594469055256065
83.73139370977202,32.31679277692437,6.923892627249442,100.62014004130936,Sableux,8.083869298927327
53.35210072404979,30.436089043461024,8.032511346907592,289.5183700298451,Argileux,8.890219910069591
30.6502590888179,18.5454337924469,7.917010458850159,141.9851878255211,Argileux,5.191761333962334
84.32291858515582,16.485585835782313,7.2560630931902566,131.73290408451976,Sableux,7.543611433119139
35.477200607168015,19.49231020418167,8.104813841539777,87.22201258311117,Sableux,4.8603058202038
49.15881825542489,24.757373562870193,6.117523630110305,126.40105387255372,Limoneux,5.7666998765426
87.0037180230483,16.701591020571907,5.835758858193183,269.16269045705013,Limoneux,6.320030216827829
87.03642881625336,25.603722696228353,6.309248834550969,299.08358440681184,Sableux,9.302215367043358
64.40627328739717,20.23529130478101,5.671260568267945,142.07738262671208,Argileux,5.559521154385666
67.91023273018796,23.801179521299506,7.0935085840030965,162.15265773863564,Argileux,6.7984768161577245
56.90673131869919,20.903163228382915,8.309817076884885,230.51773455068425,Argileux,6.874792460952798
47.592646301883875,17.361643988547943,5.618030622005529,271.54894511626867,Argileux,6.5246842695223775
49.71987272219496,33.71133267405392,5.86632974203008,198.26108354669603,Argileux,7.51684771858043
70.35110736462231,29.09014485399402,6.856597084850305,147.88142454445733,Limoneux,7.365563027433061
75.1424717662608,13.502829394161314,8.301625052583715,153.15546021215593,Sableux,7.0631239454582015
77.4947426235509,31.71169939744782,6.448468314930252,223.9045366242017,Limoneux,9.118788557388044
77.37708856767324,22.18577995623784,7.0217044260651775,50.80456590106967,Argileux,5.975372567218338
35.47236618292142,32.363805672352285,5.624718577151176,204.89733436496016,Argileux,6.479203021565474
59.66521828215489,29.996381398682882,5.945029602886267,138.87325261033936,Argileux,7.270306679254407
33.45352560099866,20.630337611730837,8.45989036887654,248.54933281927106,Argileux,7.274011237622241
62.97173293942413,10.561732708002936,8.395356089308137,73.24765995578304,Sableux,5.655439018488023
56.49183008240262,16.71693398462365,5.5148199428032285,197.05056673709763,Argileux,5.731567548366733
83.26225096549798,23.540855366521672,8.355435356269716,170.24322247153094,Sableux,8.120912064104036
51.05490075312472,25.836955495653683,7.417359813446501,210.58138147630686,Argileux,7.232935677848568
37.02402098565635,16.447192135830058,8.103754883560066,66.21339862074208,Sableux,5.209820655341941
38.57950092317015,13.483901851820603,6.8642195669015775,194.99594685703283,Limoneux,5.289666594039966
75.69063790304833,30.873255919982476,7.0467880857377505,190.37114698988094,Argileux,7.304890184471754
67.09308379897567,34.61005451758881,6.96653974077076,190.16502360404274,Sableux,8.43932343521241
36.067360567367416,23.142254557567146,7.5005927726383135,200.8719166491137,Limoneux,5.095352407145053
35.04640836689985,14.291982146207587,5.918953764268939,219.11698430659055,Argileux,5.209919955481551
72.0581478875472,16.807683162984226,5.5899207696180335,251.24724992019244,Argileux,6.803583495862488
34.365780381851614,10.459766913686668,6.423789824773573,117.45518003205359,Argileux,3.83389694404787
79.31160355742136,32.857470164012476,7.61404228820994,256.2623525450155,Sableux,8.8011946555493
72.37453362938977,12.943777072253528,6.105560356368845,174.5639205658634,Sableux,6.981437553014175
34.880926838513986,24.41291188785634,7.520297299974752,69.26456978358279,Limoneux,5.524091795541735
35.09026284511152,16.85138051718015,8.409736138321811,64.6377323109948,Sableux,4.561264612221149
89.19837471007052,23.854450062894834,5.7817021473682555,133.5595796740152,Sableux,7.857746138099314
52.45624774536722,26.285509708796607,7.517806354675379,246.2242442778669,Argileux,7.104255273096721
52.23852882401346,30.74354509268004,6.8312506579137136,226.92023368522894,Argileux,7.0337952913078725
78.76797403545015,15.16053179401508,8.104426763132516,247.15374116810162,Argileux,8.291567182193518
86.83491464303152,10.274895716462012,6.031449368342158,179.31726411040233,Argileux,7.006605377376152
89.16006382937226,13.422140751720182,7.5778778566784935,160.04974948887264,Argileux,6.896110448045126
75.2026911155365,32.50046604620263,8.01434586894433,86.86313167657099,Argileux,6.819052419442344
52.57557513185495,31.847251939062883,8.33384265842207,132.04818840232787,Argileux,7.788553591809255
35.010043001920124,24.935327554257707,7.549744084868937,158.5048415434688,Limoneux,5.194516348253141
76.6288149556462,25.012921510841334,6.991524292025282,72.15010741990432,Limoneux,6.249488345524652
63.504254984148304,26.625916863656386,7.3535417206036415,105.15298817780281,Limoneux,6.719823379263485
55.453320554818575,14.38428196558624,8.106714953436155,199.5563235159347,Limoneux,7.4123682567059905
84.38126310568416,32.860298648123994,7.211829239916489,233.91577855979747,Argileux,9.246025317013633
36.67184893836908,20.469263122301825,5.591161179090511,299.5868778482374,Limoneux,7.06895783454688
59.55750625745155,19.578463206237437,8.292846086520933,283.2783328358894,Argileux,7.623266806975723
30.681218686045145,22.97294263207094,7.568580253094684,210.64129988379787,Limoneux,6.568287022627313
58.11963851964758,11.174149169376376,7.5295401573317395,155.312013323518,Sableux,5.871188527116357
33.37819654091024,14.157084218901986,6.147025457193152,209.0443411770582,Limoneux,4.655201469770189
37.12907497608431,28.45084041065926,7.476656410697972,246.412904520058,Limoneux,7.648382136564299
37.05157480662629,12.069966698128162,6.681593216962476,79.58404773084683,Argileux,4.715771909840344
68.95261812696381,25.078802736659703,7.453698931124476,152.47622242407206,Limoneux,7.576467133369254
74.7626927559254,16.133727742033024,5.819779090923972,259.9505714089043,Sableux,7.507212537343333
65.00212590582959,19.732390351049414,7.473535913809108,145.958237983261,Argileux,6.104898287877987
87.73035290847253,17.217343419267497,8.498241177312,192.96806780679663,Argileux,6.701676569047688
52.49223477142225,18.89181791162373,5.644636116581668,196.94234021554956,Limoneux,6.328947673900803
47.14272517691164,27.97614762960614,8.431522552663953,96.11906328340984,Argileux,6.7846516820253715
82.11594769136761,17.428042890579377,6.7207238821686115,140.5588604130721,Argileux,7.31560521441923
43.41575031116716,24.16011600742243,8.112260351011777,133.62782218548304,Argileux,6.556656560801625
87.79335236643668,21.90126005497749,7.84715645217482,56.5491771330162,Argileux,6.678587853695212
30.72926848138898,26.591779134066204,7.201048782960004,56.04794097283881,Argileux,5.479996343562608
88.19272960245834,33.420743483118954,7.71534762775398,257.92426091894333,Argileux,10.02555125950269
32.589594717034565,28.31430243025626,8.135546683904044,118.2677024932031,Sableux,5.713793241118262
83.46858682188426,15.373509464768919,6.712420964953099,179.51969155970386,Limoneux,7.440866087682671
61.66206654517799,10.779578376532116,6.481099484689716,124.68139339719326,Sableux,5.14271525800686
89.57788776715802,16.556601107495627,7.502780156690754,285.16981127883514,Argileux,8.877858327709873
34.42779388412393,24.87694826750637,7.923537825823775,114.82418971644344,Argileux,5.01362924291733
63.231257064079244,11.285645337106258,7.786855404329847,157.41420318473376,Limoneux,5.463779504453289
88.15815213714595,22.40915618003091,7.893440946575904,268.18256262115045,Sableux,9.41982277183548
61.38587065020893,24.92107122292223,6.806749944438799,260.48339169795213,Limoneux,8.325930288435789
67.76391828811575,18.356097270424023,7.953502648525065,96.52535446156932,Sableux,6.491192001417205
71.74492133907702,29.272805093645548,5.860627166111826,250.6608274489276,Argileux,8.307204899063361
57.27246388606639,12.664956328344296,7.133467293882548,164.54672168447317,Limoneux,4.7206548190265405
67.6534848050438,11.878444543395219,5.517275981494365,170.7422180213388,Limoneux,5.943431358999186
65.05885871538601,28.204718905090083,6.4737574897008106,83.36999310398595,Argileux,6.62002715203213
84.06948062945935,22.38728290515496,6.599384604614194,70.15037843928116,Limoneux,6.255687675720619
32.72678282048747,27.210059910693403,6.688518074827766,231.9848267434413,Sableux,6.358540102228411
46.85779137553382,20.870683465093656,7.586401620069586,174.11528808882494,Sableux,7.056352864312029
87.02468904459352,16.16005083097767,6.665674303811038,159.2126756537949,Sableux,7.042730703639181
83.41582703345497,30.477557941854993,6.846080867867592,232.37705716309918,Sableux,8.989383181084314
57.33940516714277,29.985396974224482,6.212632392622982,241.37822474777744,Argileux,8.171524844197393
67.2079558680922,27.36741177136067,6.619755374888021,89.7270419173384,Limoneux,5.996977998995358
46.64287097886796,16.803628430749068,6.181808881789454,202.5562873694103,Sableux,6.1460223195687
41.28726958342568,24.755766671727176,5.719587771305331,83.83852056942138,Argileux,5.831107484732505
57.82190429639893,19.02434742350067,7.310345780144134,237.8437715072614,Limoneux,8.077624601930179
51.20113368156317,12.289551833165854,7.504638395665049,214.23878906678488,Limoneux,6.262749268415932
65.01936671105233,32.93283938655607,7.358471038028844,289.1536552708645,Argileux,8.843030821899792
34.66407821789909,13.420465772974035,6.890482131401717,67.2395040891053,Argileux,4.296282702242205
88.46368845996999,33.75593384552006,6.639357340537689,64.26368028781359,Sableux,7.580999072513134
89.17264466877617,21.150144323948894,8.090000948715476,120.54676867330004,Limoneux,8.087775044846147
